source_evidence_dir,nr,nz,snapshot_label,physical_time,field,min_points,points_per_front,points_per_fwhm_r,peak_to_axis_cells,any_truncation,satisfied,reason_count,reasons
outputs/hou_early_time_v1,65,128,t000,0.0,u1,7,0.0,12.442490065262497,0,True,False,5,"points per 10-90 front thickness 0.000 is below the preregistered minimum 7 | measurement front_10 was truncated at the sampled boundary, so it is a lower bound rather than a width | measurement front_90 was truncated at the sampled boundary, so it is a lower bound rather than a width | measurement fwhm_r_left was truncated at the sampled boundary, so it is a lower bound rather than a width | the peak sits 0 cells from the axis, below the preregistered minimum 7"
outputs/hou_early_time_v1,65,128,t000,0.0,cartesian_vorticity_magnitude,7,6.700844789584894,16.488626211301867,11,False,False,1,points per 10-90 front thickness 6.701 is below the preregistered minimum 7
outputs/hou_early_time_v1,65,128,t001,0.0005,u1,7,0.0,15.181969884687073,0,True,False,5,"points per 10-90 front thickness 0.000 is below the preregistered minimum 7 | measurement front_10 was truncated at the sampled boundary, so it is a lower bound rather than a width | measurement front_90 was truncated at the sampled boundary, so it is a lower bound rather than a width | measurement fwhm_r_left was truncated at the sampled boundary, so it is a lower bound rather than a width | the peak sits 0 cells from the axis, below the preregistered minimum 7"
outputs/hou_early_time_v1,65,128,t001,0.0005,cartesian_vorticity_magnitude,7,7.063634962656812,15.39164970304662,11,False,True,0,
outputs/hou_early_time_v1,65,128,t002,0.001,u1,7,0.0,14.065531459355308,3,True,False,5,"points per 10-90 front thickness 0.000 is below the preregistered minimum 7 | measurement front_10 was truncated at the sampled boundary, so it is a lower bound rather than a width | measurement front_90 was truncated at the sampled boundary, so it is a lower bound rather than a width | measurement fwhm_r_left was truncated at the sampled boundary, so it is a lower bound rather than a width | the peak sits 3 cells from the axis, below the preregistered minimum 7"
outputs/hou_early_time_v1,65,128,t002,0.001,cartesian_vorticity_magnitude,7,6.614434691632556,14.729143565396855,10,False,False,1,points per 10-90 front thickness 6.614 is below the preregistered minimum 7
outputs/hou_early_time_v1,65,128,t003,0.0015,u1,7,2.629362672494582,10.049676151606423,4,True,False,4,"points per 10-90 front thickness 2.629 is below the preregistered minimum 7 | measurement front_10 was truncated at the sampled boundary, so it is a lower bound rather than a width | measurement fwhm_r_left was truncated at the sampled boundary, so it is a lower bound rather than a width | the peak sits 4 cells from the axis, below the preregistered minimum 7"
outputs/hou_early_time_v1,65,128,t003,0.0015,cartesian_vorticity_magnitude,7,4.9490556394000915,14.456252013564518,8,False,False,1,points per 10-90 front thickness 4.949 is below the preregistered minimum 7
outputs/hou_early_time_v1,65,128,t004,0.002191729,u1,7,2.5743725492672853,4.395756220713624,3,True,False,4,"points per 10-90 front thickness 2.574 is below the preregistered minimum 7 | points per radial FWHM 4.396 is below the preregistered minimum 7 | measurement front_10 was truncated at the sampled boundary, so it is a lower bound rather than a width | the peak sits 3 cells from the axis, below the preregistered minimum 7"
outputs/hou_early_time_v1,65,128,t004,0.002191729,cartesian_vorticity_magnitude,7,2.5530285283417795,5.33681440997155,4,False,False,3,"points per 10-90 front thickness 2.553 is below the preregistered minimum 7 | points per radial FWHM 5.337 is below the preregistered minimum 7 | the peak sits 4 cells from the axis, below the preregistered minimum 7"
outputs/hou_early_time_v1,129,256,t000,0.0,u1,7,0.0,24.878861593566157,0,True,False,5,"points per 10-90 front thickness 0.000 is below the preregistered minimum 7 | measurement front_10 was truncated at the sampled boundary, so it is a lower bound rather than a width | measurement front_90 was truncated at the sampled boundary, so it is a lower bound rather than a width | measurement fwhm_r_left was truncated at the sampled boundary, so it is a lower bound rather than a width | the peak sits 0 cells from the axis, below the preregistered minimum 7"
outputs/hou_early_time_v1,129,256,t000,0.0,cartesian_vorticity_magnitude,7,13.404905000159326,32.94900609109891,21,False,True,0,
outputs/hou_early_time_v1,129,256,t001,0.0005,u1,7,0.0,29.747093438059522,0,True,False,5,"points per 10-90 front thickness 0.000 is below the preregistered minimum 7 | measurement front_10 was truncated at the sampled boundary, so it is a lower bound rather than a width | measurement front_90 was truncated at the sampled boundary, so it is a lower bound rather than a width | measurement fwhm_r_left was truncated at the sampled boundary, so it is a lower bound rather than a width | the peak sits 0 cells from the axis, below the preregistered minimum 7"
outputs/hou_early_time_v1,129,256,t001,0.0005,cartesian_vorticity_magnitude,7,14.041756716743894,30.62654860340992,21,False,True,0,
outputs/hou_early_time_v1,129,256,t002,0.001,u1,7,0.0,26.77828299461107,6,True,False,5,"points per 10-90 front thickness 0.000 is below the preregistered minimum 7 | measurement front_10 was truncated at the sampled boundary, so it is a lower bound rather than a width | measurement front_90 was truncated at the sampled boundary, so it is a lower bound rather than a width | measurement fwhm_r_left was truncated at the sampled boundary, so it is a lower bound rather than a width | the peak sits 6 cells from the axis, below the preregistered minimum 7"
outputs/hou_early_time_v1,129,256,t002,0.001,cartesian_vorticity_magnitude,7,12.916511392164239,29.086104944695013,20,False,True,0,
outputs/hou_early_time_v1,129,256,t003,0.0015,u1,7,5.283607889733149,18.50961732822662,8,True,False,3,"points per 10-90 front thickness 5.284 is below the preregistered minimum 7 | measurement front_10 was truncated at the sampled boundary, so it is a lower bound rather than a width | measurement fwhm_r_left was truncated at the sampled boundary, so it is a lower bound rather than a width"
outputs/hou_early_time_v1,129,256,t003,0.0015,cartesian_vorticity_magnitude,7,9.322852476497815,27.724905271697487,15,False,True,0,
outputs/hou_early_time_v1,129,256,t004,0.002191729,u1,7,3.3598030603133173,5.515026871930351,5,False,False,3,"points per 10-90 front thickness 3.360 is below the preregistered minimum 7 | points per radial FWHM 5.515 is below the preregistered minimum 7 | the peak sits 5 cells from the axis, below the preregistered minimum 7"
outputs/hou_early_time_v1,129,256,t004,0.002191729,cartesian_vorticity_magnitude,7,3.285396988779988,6.1202564684707585,6,False,False,3,"points per 10-90 front thickness 3.285 is below the preregistered minimum 7 | points per radial FWHM 6.120 is below the preregistered minimum 7 | the peak sits 6 cells from the axis, below the preregistered minimum 7"
outputs/hou_early_time_v1,193,384,t000,0.0,u1,7,0.0,37.31828989421678,0,True,False,5,"points per 10-90 front thickness 0.000 is below the preregistered minimum 7 | measurement front_10 was truncated at the sampled boundary, so it is a lower bound rather than a width | measurement front_90 was truncated at the sampled boundary, so it is a lower bound rather than a width | measurement fwhm_r_left was truncated at the sampled boundary, so it is a lower bound rather than a width | the peak sits 0 cells from the axis, below the preregistered minimum 7"
outputs/hou_early_time_v1,193,384,t000,0.0,cartesian_vorticity_magnitude,7,20.075828943676925,49.43276037546701,32,False,True,0,
outputs/hou_early_time_v1,193,384,t001,0.0005,u1,7,0.0,44.921552272369894,0,True,False,5,"points per 10-90 front thickness 0.000 is below the preregistered minimum 7 | measurement front_10 was truncated at the sampled boundary, so it is a lower bound rather than a width | measurement front_90 was truncated at the sampled boundary, so it is a lower bound rather than a width | measurement fwhm_r_left was truncated at the sampled boundary, so it is a lower bound rather than a width | the peak sits 0 cells from the axis, below the preregistered minimum 7"
outputs/hou_early_time_v1,193,384,t001,0.0005,cartesian_vorticity_magnitude,7,21.0407944991941,45.88301990940006,32,False,True,0,
outputs/hou_early_time_v1,193,384,t002,0.001,u1,7,0.0,40.38361346162833,10,True,False,4,"points per 10-90 front thickness 0.000 is below the preregistered minimum 7 | measurement front_10 was truncated at the sampled boundary, so it is a lower bound rather than a width | measurement front_90 was truncated at the sampled boundary, so it is a lower bound rather than a width | measurement fwhm_r_left was truncated at the sampled boundary, so it is a lower bound rather than a width"
outputs/hou_early_time_v1,193,384,t002,0.001,cartesian_vorticity_magnitude,7,19.31640863861016,43.51734661967985,30,False,True,0,
outputs/hou_early_time_v1,193,384,t003,0.0015,u1,7,7.895431587357349,27.31831833496472,12,True,False,2,"measurement front_10 was truncated at the sampled boundary, so it is a lower bound rather than a width | measurement fwhm_r_left was truncated at the sampled boundary, so it is a lower bound rather than a width"
outputs/hou_early_time_v1,193,384,t003,0.0015,cartesian_vorticity_magnitude,7,13.79465434905881,41.203057010392,23,False,True,0,
outputs/hou_early_time_v1,193,384,t004,0.002191729,u1,7,4.364122291661473,6.923776126352624,6,False,False,3,"points per 10-90 front thickness 4.364 is below the preregistered minimum 7 | points per radial FWHM 6.924 is below the preregistered minimum 7 | the peak sits 6 cells from the axis, below the preregistered minimum 7"
outputs/hou_early_time_v1,193,384,t004,0.002191729,cartesian_vorticity_magnitude,7,4.429932072177787,8.461774660143522,8,False,False,1,points per 10-90 front thickness 4.430 is below the preregistered minimum 7
outputs/hou_early_time_v2_hires,257,512,t000,0.0,u1,7,0.0,49.75699684773984,0,True,False,5,"points per 10-90 front thickness 0.000 is below the preregistered minimum 7 | measurement front_10 was truncated at the sampled boundary, so it is a lower bound rather than a width | measurement front_90 was truncated at the sampled boundary, so it is a lower bound rather than a width | measurement fwhm_r_left was truncated at the sampled boundary, so it is a lower bound rather than a width | the peak sits 0 cells from the axis, below the preregistered minimum 7"
outputs/hou_early_time_v2_hires,257,512,t000,0.0,cartesian_vorticity_magnitude,7,26.78647987057549,65.9006792057091,42,False,True,0,
outputs/hou_early_time_v2_hires,257,512,t001,0.0005,u1,7,0.0,60.104202985728506,0,True,False,5,"points per 10-90 front thickness 0.000 is below the preregistered minimum 7 | measurement front_10 was truncated at the sampled boundary, so it is a lower bound rather than a width | measurement front_90 was truncated at the sampled boundary, so it is a lower bound rather than a width | measurement fwhm_r_left was truncated at the sampled boundary, so it is a lower bound rather than a width | the peak sits 0 cells from the axis, below the preregistered minimum 7"
outputs/hou_early_time_v2_hires,257,512,t001,0.0005,cartesian_vorticity_magnitude,7,28.02932087120018,61.15954330149524,43,False,True,0,
outputs/hou_early_time_v2_hires,257,512,t002,0.001,u1,7,0.0,53.99250321145508,13,True,False,4,"points per 10-90 front thickness 0.000 is below the preregistered minimum 7 | measurement front_10 was truncated at the sampled boundary, so it is a lower bound rather than a width | measurement front_90 was truncated at the sampled boundary, so it is a lower bound rather than a width | measurement fwhm_r_left was truncated at the sampled boundary, so it is a lower bound rather than a width"
outputs/hou_early_time_v2_hires,257,512,t002,0.001,cartesian_vorticity_magnitude,7,25.709706537354002,57.97385100020065,40,False,True,0,
outputs/hou_early_time_v2_hires,257,512,t003,0.0015,u1,7,10.154363266573124,34.919682253051725,16,True,False,2,"measurement front_10 was truncated at the sampled boundary, so it is a lower bound rather than a width | measurement fwhm_r_left was truncated at the sampled boundary, so it is a lower bound rather than a width"
outputs/hou_early_time_v2_hires,257,512,t003,0.0015,cartesian_vorticity_magnitude,7,18.283975883584823,54.74929790860274,30,False,True,0,
outputs/hou_early_time_v2_hires,257,512,t004,0.002191729,u1,7,5.432857329269624,8.893133804022012,8,False,False,1,points per 10-90 front thickness 5.433 is below the preregistered minimum 7
outputs/hou_early_time_v2_hires,257,512,t004,0.002191729,cartesian_vorticity_magnitude,7,5.6995708959367235,11.555145566218851,10,False,False,1,points per 10-90 front thickness 5.700 is below the preregistered minimum 7
