source_evidence_dir,nr,nz,dr,dz,snapshot_label,physical_time,field,peak_r,peak_z,peak_index_r,peak_index_z,peak_magnitude,subgrid_peak_r,subgrid_peak_r_value,subgrid_peak_r_offset_cells,subgrid_peak_r_refined,subgrid_peak_z,subgrid_peak_z_value,subgrid_peak_z_offset_cells,subgrid_peak_z_refined,fwhm_r,points_per_fwhm_r,fwhm_z,points_per_fwhm_z,front_thickness_10_90,points_per_front,peak_to_axis_cells,min_gradient_length_scale,points_per_gradient_scale_r,points_per_gradient_scale_z,gradient_scale_r,gradient_scale_z,z_tail_fraction,z_tail_fraction_r,r_tail_fraction,any_truncation,truncated_fwhm_r_left,truncated_fwhm_r_right,truncated_fwhm_z_left,truncated_fwhm_z_right,truncated_front_90,truncated_front_10
outputs/hou_early_time_v1,65,128,0.015625,0.0078125,t000,0.0,u1,0.0,0.9140625,0,117,3265.5332310870513,0.0,3265.5332310870513,0.0,False,0.915111017464961,3265.7982874595605,0.1342102355150132,True,0.19441390726972652,12.442490065262497,0.2293493581915168,29.35671784851415,0.0,0.0,0,0.007986804993333353,0.5111555195733346,1.0223110391466692,0.171875,0.0078125,4.256735563332817e-21,0.625,1.1599269989722625e-08,True,True,False,False,False,True,True
outputs/hou_early_time_v1,65,128,0.015625,0.0078125,t000,0.0,cartesian_vorticity_magnitude,0.171875,0.0,11,0,7494.3062310458845,0.16447259052527696,7509.240150831893,-0.4737542063822744,True,7.45931094670027e-17,7494.3062310458845,9.547918011776346e-15,True,0.25763478455159167,16.488626211301867,0.09008863217291331,11.531344918132904,0.10470069983726397,6.700844789584894,11,0.007954272726035348,0.5090734544662623,1.0181469089325246,0.0,0.0078125,7.891293576049702e-05,0.0,1.1542072537892795e-05,False,False,False,False,False,False,False
outputs/hou_early_time_v1,65,128,0.015625,0.0078125,t001,0.0005,u1,0.0,0.046875,0,6,2031.880563240985,0.0,2031.880563240985,0.0,False,0.04510754873321262,2034.5461612796498,-0.22623376214878466,True,0.2372182794482355,15.181969884687073,0.3167252783395604,40.54083562746373,0.0,0.0,0,0.008056653213059492,0.5156258056358075,1.031251611271615,0.25,0.0078125,4.600115883276163e-13,0.0,2.595385979453709e-09,True,True,False,False,False,True,True
outputs/hou_early_time_v1,65,128,0.015625,0.0078125,t001,0.0005,cartesian_vorticity_magnitude,0.171875,0.0,11,0,8909.724131695726,0.1680295980960774,8915.733874175132,-0.2461057218510465,True,0.0,8909.724131695726,0.0,True,0.24049452661010343,15.39164970304662,0.10212121492263637,13.071515510097456,0.11036929629151268,7.063634962656812,11,0.00812366007692192,0.5199142449230029,1.0398284898460057,0.0,0.0078125,0.00014463762032227462,0.0,8.525901925193846e-06,False,False,False,False,False,False,False
outputs/hou_early_time_v1,65,128,0.015625,0.0078125,t002,0.001,u1,0.046875,0.0390625,3,5,2186.5437719389006,0.05272558880626123,2189.106558425898,0.3744376836007186,True,0.041941005904389005,2197.5719640311113,0.3684487557617926,True,0.21977392905242668,14.065531459355308,0.062130678103692875,7.952726797272688,0.0,0.0,3,0.008126160329567245,0.5200742610923037,1.0401485221846074,0.0,0.9921875,5.209214911153306e-07,0.0,5.375175517259349e-08,True,True,False,False,False,True,True
outputs/hou_early_time_v1,65,128,0.015625,0.0078125,t002,0.001,cartesian_vorticity_magnitude,0.15625,0.0,10,0,11757.847962516018,0.16165534460103823,11774.946139926644,0.34594205446644644,True,1.3877787807814457e-17,11757.847962516018,1.7763568394002505e-15,True,0.23014286820932586,14.729143565396855,0.09870498774883849,12.634238431851326,0.10335054205675868,6.614434691632556,10,0.012650283495605331,0.8096181437187412,1.6192362874374824,0.078125,0.9140625,0.0002264259937475894,0.0,4.849616622565755e-06,False,False,False,False,False,False,False
outputs/hou_early_time_v1,65,128,0.015625,0.0078125,t003,0.0015,u1,0.0625,0.03125,4,4,2885.6033543617577,0.06670074427505007,2893.5127378642205,0.2688476336032046,True,0.03379928210526566,2900.877444477578,0.3263081094740041,True,0.15702618986885036,10.049676151606423,0.05795152817117381,7.417795605910248,0.04108379175772785,2.629362672494582,4,0.007250393585245343,0.4640251894557019,0.9280503789114039,0.03125,0.09375,4.4273348024487316e-05,0.0,4.535768474701452e-06,True,True,False,False,False,False,True
outputs/hou_early_time_v1,65,128,0.015625,0.0078125,t003,0.0015,cartesian_vorticity_magnitude,0.125,0.0,8,0,16024.956689870989,0.12687493227986119,16029.73532903707,0.11999566591111588,True,8.456776945386935e-16,16024.956689870989,1.0824674490095276e-13,True,0.2258789377119456,14.456252013564518,0.06564982392930427,8.403177462950946,0.07732899436562643,4.9490556394000915,8,0.010181585023436024,0.6516214414999055,1.303242882999811,0.09375,0.9140625,0.0008208648671152913,0.078125,1.4218320584729098e-06,False,False,False,False,False,False,False
outputs/hou_early_time_v1,65,128,0.015625,0.0078125,t004,0.002191729,u1,0.046875,0.984375,3,126,7605.088538790181,0.049906614395446344,7653.547985788177,0.19402332130856603,True,0.9824153368794606,7691.832049525236,-0.25083687942904476,True,0.06868369094865037,4.395756220713624,0.03434373015937975,4.395997460400608,0.04022457108230133,2.5743725492672853,3,0.008413235483632034,0.5384470709524501,1.0768941419049003,0.015625,0.0078125,0.0017623462543224792,0.125,7.499092822206643e-05,True,False,False,False,False,False,True
outputs/hou_early_time_v1,65,128,0.015625,0.0078125,t004,0.002191729,cartesian_vorticity_magnitude,0.0625,0.0,4,0,45825.94735752267,0.06707087326328637,46507.13929100735,0.29253588885032755,True,2.242130092700023e-15,45825.94735752267,2.8699265186560297e-13,True,0.08338772515580548,5.33681440997155,0.03573380029471253,4.573926437723204,0.039891070755340305,2.5530285283417795,4,0.006565142532677315,0.42016912209134816,0.8403382441826963,0.109375,0.03125,0.049845212022014626,0.171875,0.00013411505975494906,False,False,False,False,False,False,False
outputs/hou_early_time_v1,129,256,0.0078125,0.00390625,t000,0.0,u1,0.0,0.9140625,0,234,3265.5332310870513,0.0,3265.5332310870513,0.0,False,0.9153619384269004,3265.9392792135427,0.33265623728649985,True,0.1943661061997356,24.878861593566157,0.22933972497647293,58.71096959397707,0.0,0.0,0,0.00794219177627125,1.01660054736272,2.03320109472544,0.171875,0.0078125,5.604798467076575e-32,0.1953125,3.3531151965771225e-10,True,True,False,False,False,True,True
outputs/hou_early_time_v1,129,256,0.0078125,0.00390625,t000,0.0,cartesian_vorticity_magnitude,0.1640625,0.0,21,0,7554.609461872975,0.16445337263549403,7554.653407329851,0.0500316973432362,True,-2.5131806358213993e-16,7554.609461872975,-6.433742427702782e-14,True,0.2574141100867102,32.94900609109891,0.09122826986775504,23.35443708614529,0.10472582031374474,13.404905000159326,21,0.007949252391916687,1.017504306165336,2.035008612330672,0.0,0.0078125,9.690930400852782e-06,1.0,1.3044541771283101e-06,False,False,False,False,False,False,False
outputs/hou_early_time_v1,129,256,0.0078125,0.00390625,t001,0.0005,u1,0.0,0.04296875,0,11,2032.5478866490107,0.0,2032.5478866490107,0.0,False,0.04464950784913937,2035.4210784134498,0.4302740093796782,True,0.23239916748484002,29.747093438059522,0.3167660940124329,81.09212006718282,0.0,0.0,0,0.003950876721606715,0.5057122203656595,1.011424440731319,0.0,0.99609375,1.109408544471509e-21,0.0,6.735675570473612e-11,True,True,False,False,False,True,True
outputs/hou_early_time_v1,129,256,0.0078125,0.00390625,t001,0.0005,cartesian_vorticity_magnitude,0.1640625,0.0,21,0,9073.113187366776,0.16699858256061703,9076.863222827318,0.37581856775898004,True,-2.8080836267374565e-16,9073.113187366775,-7.188694084447889e-14,True,0.23926991096414,30.62654860340992,0.10352997966455152,26.50367479412519,0.10970122434956167,14.041756716743894,21,0.008082557591927466,1.0345673717667156,2.0691347435334313,0.0,0.0078125,1.775316795125759e-05,0.0,9.666402432735467e-07,False,False,False,False,False,False,False
outputs/hou_early_time_v1,129,256,0.0078125,0.00390625,t002,0.001,u1,0.046875,0.04296875,6,11,2224.7837972988314,0.04690917632616078,2224.7839076346067,0.004374569748580193,True,0.04179074791970887,2226.534473744899,-0.30156853255452987,True,0.209205335895399,26.77828299461107,0.06283228808206691,16.08506574900913,0.0,0.0,6,0.003944638913777032,0.5049137809634601,1.0098275619269201,0.0,0.99609375,4.089903492729265e-10,0.0,1.1378024581457e-09,True,True,False,False,False,True,True
outputs/hou_early_time_v1,129,256,0.0078125,0.00390625,t002,0.001,cartesian_vorticity_magnitude,0.15625,0.0,20,0,12239.749962354854,0.15856612529795477,12243.090599732173,0.2964640381382111,True,5.95443833129039e-16,12239.749962354854,1.52433621281034e-13,True,0.22723519488042979,29.086104944695013,0.09321136561992777,23.862109598701508,0.10091024525128311,12.916511392164239,20,0.008786629059036082,1.1246885195566185,2.249377039113237,0.078125,0.0859375,2.6356743179261295e-05,0.0,5.496374504422962e-07,False,False,False,False,False,False,False
outputs/hou_early_time_v1,129,256,0.0078125,0.00390625,t003,0.0015,u1,0.0625,0.03125,8,8,3104.752849354722,0.0645996956883421,3107.419022900042,0.26876104810778934,True,0.032637609685176525,3109.7770961107944,0.3552280794051903,True,0.14460638537677048,18.50961732822662,0.05808933363043765,14.87086940939204,0.04127818663854023,5.283607889733149,8,0.003951532694949632,0.5057961849535529,1.0115923699071059,0.015625,0.99609375,1.7289617053207934e-06,0.0,2.3736035731868725e-07,True,True,False,False,False,False,True
outputs/hou_early_time_v1,129,256,0.0078125,0.00390625,t003,0.0015,cartesian_vorticity_magnitude,0.1171875,0.0,15,0,17536.489150481975,0.11971896802126722,17548.681720873512,0.32402790672220405,True,9.007551649009571e-15,17536.489150481975,2.30593322214645e-12,True,0.21660082243513662,27.724905271697487,0.060482901587252655,15.48362280633668,0.07283478497263918,9.322852476497815,15,0.005627149646270538,0.7202751547226288,1.4405503094452576,0.0859375,0.08984375,0.00015335817775586353,0.0625,2.5664806231425565e-07,False,False,False,False,False,False,False
outputs/hou_early_time_v1,129,256,0.0078125,0.00390625,t004,0.002191729,u1,0.0390625,0.98828125,5,253,14742.936697949202,0.035673888961298486,15040.337296576316,-0.4337422129537938,True,0.9889788403458806,14775.295711852395,0.17858312854542646,True,0.043086147436955866,5.515026871930351,0.026130687618577064,6.6894560303557284,0.02624846140869779,3.3598030603133173,5,0.0039022455846230556,0.4994874348317511,0.9989748696635022,0.0859375,0.99609375,0.0007236783469915971,0.0625,7.6151015877542795e-06,False,False,False,False,False,False,False
outputs/hou_early_time_v1,129,256,0.0078125,0.00390625,t004,0.002191729,cartesian_vorticity_magnitude,0.046875,0.0,6,0,95911.01941340044,0.046700553806223066,95916.2692332378,-0.022329112803447515,True,-1.335173291372449e-14,95911.01941340044,-3.4180436259134694e-12,True,0.0478145036599278,6.1202564684707585,0.01954836802329983,5.004382213964757,0.025667163974843657,3.285396988779988,6,0.0028484011548862717,0.3645953478254428,0.7291906956508856,0.0703125,0.98828125,0.048499172962352156,0.1171875,1.0766386437778986e-05,False,False,False,False,False,False,False
outputs/hou_early_time_v1,193,384,0.005208333333333333,0.0026041666666666665,t000,0.0,u1,0.0,0.08333333333333333,0,32,3265.5882935410696,0.0,3265.5882935410696,0.0,False,0.08459495608532548,3266.0041885400897,0.4844631367649833,True,0.19436609319904574,37.31828989421678,0.22933325315172864,88.0639692102638,0.0,0.0,0,0.0052487678463275554,1.0077634264948907,2.0155268529897814,0.09895833333333333,0.005208333333333333,9.115545021450643e-32,0.43229166666666663,4.5534634509702286e-11,True,True,False,False,False,True,True
outputs/hou_early_time_v1,193,384,0.005208333333333333,0.0026041666666666665,t000,0.0,cartesian_vorticity_magnitude,0.16666666666666666,0.0,32,0,7561.484634978418,0.16440980914835557,7562.930741314028,-0.4333166435157292,True,-3.4191399711502868e-15,7561.4846349784175,-1.3129497489217008e-12,True,0.257462293622224,49.43276037546701,0.09040672041459505,34.7161806392045,0.10456160908165064,20.075828943676925,32,0.005247564097464124,1.007532306713112,2.015064613426224,0.0,0.005208333333333333,2.9138897168601367e-06,1.0,3.9531903079526425e-07,False,False,False,False,False,False,False
outputs/hou_early_time_v1,193,384,0.005208333333333333,0.0026041666666666665,t001,0.0005,u1,0.0,0.9557291666666666,0,367,2034.8937585369072,0.0,2034.8937585369072,0.0,False,0.9553759405944461,2035.0156139542173,-0.13563881173268913,True,0.23396641808525984,44.921552272369894,0.3166031521872885,121.57561043991879,0.0,0.0,0,0.005280192190393575,1.0137969005555665,2.027593801111133,0.20833333333333331,0.005208333333333333,1.0913111154879371e-29,0.0,9.825962862518307e-12,True,True,False,False,False,True,True
outputs/hou_early_time_v1,193,384,0.005208333333333333,0.0026041666666666665,t001,0.0005,cartesian_vorticity_magnitude,0.16666666666666666,0.0,32,0,9107.765691451285,0.1668237654358226,9107.776366727792,0.030162963677943466,True,-3.15936513062276e-15,9107.765691451285,-1.2131962101591311e-12,True,0.2389740620281253,45.88301990940006,0.10201089991868031,39.172185568773244,0.10958747134996927,21.0407944991941,32,0.008069784781735841,1.5493986780932816,3.098797356186563,0.0,0.0078125,5.337748326551697e-06,0.0,2.930809078121882e-07,False,False,False,False,False,False,False
outputs/hou_early_time_v1,193,384,0.005208333333333333,0.0026041666666666665,t002,0.001,u1,0.05208333333333333,0.9583333333333333,10,368,2233.3526601604253,0.05005726658783746,2233.8063323618962,-0.38900481513520635,True,0.959029072608091,2233.9853923672363,0.26716388150697223,True,0.21033132011264755,40.38361346162833,0.062412052081703084,23.966227999373984,0.0,0.0,10,0.0026188798309351924,0.502824927539557,1.005649855079114,0.041666666666666664,0.9973958333333333,9.570780421469301e-13,0.0,1.9262825200967857e-10,True,True,False,False,False,True,True
outputs/hou_early_time_v1,193,384,0.005208333333333333,0.0026041666666666665,t002,0.001,cartesian_vorticity_magnitude,0.15625,0.0,30,0,12334.686702962212,0.15795869190387052,12336.525560749626,0.32806884554313953,True,-2.931465833966307e-15,12334.686702962212,-1.1256828802430538e-12,True,0.2266528469774992,43.51734661967985,0.09204036354188246,35.343499600082865,0.10060629499276125,19.31640863861016,30,0.007565108807971026,1.4525008911304371,2.9050017822608742,0.0625,0.08854166666666666,7.899395501519093e-06,0.0,1.6639611495706617e-07,False,False,False,False,False,False,False
outputs/hou_early_time_v1,193,384,0.005208333333333333,0.0026041666666666665,t003,0.0015,u1,0.0625,0.96875,12,372,3149.8425310488424,0.06416132080222067,3151.601245523385,0.31897359402636916,True,0.9675860503028582,3153.4193544150708,-0.44695668370246405,True,0.1422829079946079,27.31831833496472,0.05808820078111454,22.305869099947984,0.04112203951748619,7.895431587357349,12,0.0026234517148559324,0.503702729252339,1.007405458504678,0.03645833333333333,0.9973958333333333,1.8464699567863958e-07,0.0,3.404232735852384e-08,True,True,False,False,False,False,True
outputs/hou_early_time_v1,193,384,0.005208333333333333,0.0026041666666666665,t003,0.0015,cartesian_vorticity_magnitude,0.11979166666666666,0.0,23,0,17863.270414919174,0.11843265021411038,17866.587253848775,-0.26093115889080476,True,1.2362073170679722e-15,17863.270414919174,4.74703609754098e-13,True,0.21459925526245832,41.203057010392,0.057707478528905454,22.159671755099694,0.07184715806801463,13.79465434905881,23,0.00395975447109497,0.7602728584502342,1.5205457169004684,0.07291666666666666,0.90625,5.148378015675942e-05,0.057291666666666664,8.477081214981263e-08,False,False,False,False,False,False,False
outputs/hou_early_time_v1,193,384,0.005208333333333333,0.0026041666666666665,t004,0.002191729,u1,0.03125,0.010416666666666666,6,4,18718.097999802423,0.03162064723545667,18725.653041181176,0.0711642692076806,True,0.01074358468738452,18731.004271086767,0.12553651995565485,True,0.03606133399141991,6.923776126352624,0.02418837908175374,9.288337567393436,0.022729803602403502,4.364122291661473,6,0.0025630183313795486,0.49209951962487336,0.9841990392497467,0.06770833333333333,0.9973958333333333,7.394491570707638e-05,0.06770833333333333,6.277817776902989e-06,False,False,False,False,False,False,False
outputs/hou_early_time_v1,193,384,0.005208333333333333,0.0026041666666666665,t004,0.002191729,cartesian_vorticity_magnitude,0.041666666666666664,0.9973958333333333,8,383,118170.54115974967,0.040806456628866165,118362.32479160928,-0.1651603272576958,True,0.9979311116588795,118468.39061794725,0.20554687700975047,True,0.04407174302158084,8.461774660143522,0.016143111114071296,6.198954667803378,0.023072562875925975,4.429932072177787,8,0.0026875205600932865,0.516003947537911,1.032007895075822,0.078125,0.9895833333333333,0.02981081347491594,0.07291666666666666,1.577230935096411e-06,False,False,False,False,False,False,False
outputs/hou_early_time_v2_hires,257,512,0.00390625,0.001953125,t000,0.0,u1,0.0,0.083984375,0,43,3265.8954313678323,0.0,3265.8954313678323,0.0,False,0.08459861716509262,3265.99198648385,0.314491988527422,True,0.19436326893648376,49.75699684773984,0.22931586839412996,117.40972461779454,0.0,0.0,0,0.005912587390523505,1.5136223719740174,3.0272447439480348,0.125,0.005859375,1.1966685650400466e-31,0.0390625,1.052459796747513e-11,True,True,False,False,False,True,True
outputs/hou_early_time_v2_hires,257,512,0.00390625,0.001953125,t000,0.0,cartesian_vorticity_magnitude,0.1640625,0.0,42,0,7565.83950707386,0.16441235816796715,7565.874781994635,0.08956369099959005,True,-2.243647975741503e-15,7565.839507073861,-1.1487477635796495e-12,True,0.25742452814730116,65.9006792057091,0.09101743131592135,46.60092483375173,0.10463468699443551,26.78647987057549,42,0.005914411767386135,1.5140894124508506,3.028178824901701,0.0,0.005859375,1.2147174856041922e-06,1.0,1.6175720502808982e-07,False,False,False,False,False,False,False
outputs/hou_early_time_v2_hires,257,512,0.00390625,0.001953125,t001,0.0005,u1,0.0,0.955078125,0,489,2034.7995898710392,0.0,2034.7995898710392,0.0,False,0.9554017493780781,2034.8995189664654,0.1656956815759827,True,0.23478204291300198,60.104202985728506,0.3166255864671651,162.11230027118853,0.0,0.0,0,0.003939812875322953,1.008592096082676,2.017184192165352,0.0,0.00390625,6.926839176273088e-31,0.01171875,2.3417474645996505e-12,True,True,False,False,False,True,True
outputs/hou_early_time_v2_hires,257,512,0.00390625,0.001953125,t001,0.0005,cartesian_vorticity_magnitude,0.16796875,0.0,43,0,9118.077311167695,0.16675094237041738,9118.715900397818,-0.3117587531731516,True,-1.6731407925796304e-15,9118.077311167695,-8.566480858007708e-13,True,0.23890446602146578,61.15954330149524,0.1013145238619681,51.873036217327666,0.1094895346531257,28.02932087120018,43,0.006586652993656113,1.686183166375965,3.37236633275193,0.00390625,0.005859375,2.2250864567916125e-06,0.0,1.199433088851668e-07,False,False,False,False,False,False,False
outputs/hou_early_time_v2_hires,257,512,0.00390625,0.001953125,t002,0.001,u1,0.05078125,0.958984375,13,491,2236.2912135259166,0.05137945946125149,2236.3295193524077,0.15314162208038162,True,0.9588444168226591,2236.3171386547074,-0.07165858679854864,True,0.2109082156697464,53.99250321145508,0.06255970079837969,32.0305668087704,0.0,0.0,13,0.00393504336501111,1.0073711014428441,2.0147422028856883,0.0,0.99609375,1.6646002427548903e-15,0.0,4.892996586432715e-11,True,True,False,False,False,True,True
outputs/hou_early_time_v2_hires,257,512,0.00390625,0.001953125,t002,0.001,cartesian_vorticity_magnitude,0.15625,0.0,40,0,12368.37326641301,0.15774326185374865,12369.783216291386,0.3822750345596546,True,2.6276723852358685e-15,12368.37326641301,1.3453682612407647e-12,True,0.2264603554695338,57.97385100020065,0.09161045852680362,46.904554765723454,0.10042854116153907,25.709706537354002,40,0.0070989366616900735,1.8173277853926588,3.6346555707853176,0.05859375,0.08984375,3.291512471567607e-06,0.0,6.806278370370444e-08,False,False,False,False,False,False,False
outputs/hou_early_time_v2_hires,257,512,0.00390625,0.001953125,t003,0.0015,u1,0.0625,0.033203125,16,17,3167.1295588061566,0.062466593560178335,3167.130292399816,-0.008552048594346218,True,0.032341755300077574,3168.9171947976356,-0.44102128636028226,True,0.1364050088009833,34.919682253051725,0.0580758651196966,29.734842941284658,0.03966548151005127,10.154363266573124,16,0.0019650977446872705,0.5030650226399412,1.0061300452798825,0.05859375,0.001953125,2.174723424848279e-08,0.0,7.69877903291375e-09,True,True,False,False,False,False,True
outputs/hou_early_time_v2_hires,257,512,0.00390625,0.001953125,t003,0.0015,cartesian_vorticity_magnitude,0.1171875,0.0,30,0,17981.92221922385,0.11797195732497462,17983.129129846344,0.20082107519350245,True,-6.065026952883912e-15,17981.92221922385,-3.105293799876563e-12,True,0.21386444495547946,54.74929790860274,0.058213259138282784,29.805188678800786,0.07142178079525321,18.283975883584823,30,0.003063771037874056,0.7843253856957584,1.5686507713915168,0.07421875,0.90625,2.226894120066482e-05,0.0546875,3.5486708484555645e-08,False,False,False,False,False,False,False
outputs/hou_early_time_v2_hires,257,512,0.00390625,0.001953125,t004,0.002191729,u1,0.03125,0.990234375,8,507,20306.548149807422,0.030197705539562913,20382.361490237436,-0.26938738187189415,True,0.9902092798714983,20306.63894876565,-0.012848705792862347,True,0.034738803921960985,8.893133804022012,0.02324290272012386,11.900366192703416,0.02122209894245947,5.432857329269624,8,0.0019222081913242396,0.4920852969790053,0.9841705939580107,0.05859375,0.998046875,2.3515454518491293e-05,0.05078125,1.953630491283814e-06,False,False,False,False,False,False,False
outputs/hou_early_time_v2_hires,257,512,0.00390625,0.001953125,t004,0.002191729,cartesian_vorticity_magnitude,0.0390625,0.99609375,10,510,130577.14701002798,0.038322701851050425,130733.74216760398,-0.18938832613109113,True,0.9967297061768017,132130.31232498912,0.3256095625224589,True,0.045137287368042386,11.555145566218851,0.01507130220416264,7.716506728531272,0.022263948812252826,5.6995708959367235,10,0.0012767594287715815,0.32685041376552487,0.6537008275310497,0.0703125,0.009765625,0.012868935235994118,0.0859375,5.458788493172321e-07,False,False,False,False,False,False,False
