checkpoint,nr,nz,physical_time,audit_grid,audit_shape,region,azimuthal_defect_max,azimuthal_defect_rms,curl_defect_max,curl_defect_rms,divergence_max,divergence_rms,azimuthal_defect_max_over_cancellation_scale,azimuthal_defect_max_over_signal_scale,azimuthal_defect_rms_over_cancellation_scale,curl_defect_max_over_curl_term_scale,curl_defect_max_over_gradient_scale,curl_defect_max_over_vorticity_scale,curl_defect_rms_over_curl_term_scale,curl_defect_rms_over_gradient_scale,divergence_max_over_divergence_term_scale,divergence_max_over_gradient_scale,divergence_rms_over_divergence_term_scale,divergence_rms_over_gradient_scale,scale_azimuthal_cancellation_max,scale_azimuthal_signal_max,scale_curl_term_sum_max,scale_divergence_term_sum_max,scale_velocity_gradient_row_sum_max,scale_velocity_max_abs,scale_vorticity_e18b_max_abs
outputs/hou_early_time_v1/checkpoints/checkpoint_nr65_nz128_t000.npz,65,128,0.0,coarse,32x32x64,full,2.2737367544323206e-13,1.4335199447409296e-14,226.61856516621447,12.789097099015526,22.83506516380112,4.344904187705073,7.735662056020551e-17,,4.877093103000708e-18,0.031230690527027778,0.031230690527027778,0.03050970220384481,0.0017624872583872893,0.0017624872583872893,0.009584219973084646,0.003146939231444338,0.001823621574899429,0.000598778647972987,2939.291734781388,1.1368683772161603e-13,7256.2777620973,2382.5689756629968,7256.2777620973,323.18272886211923,7427.754084654952
outputs/hou_early_time_v1/checkpoints/checkpoint_nr65_nz128_t000.npz,65,128,0.0,coarse,32x32x64,interior,2.2737367544323206e-13,1.6383084887986695e-14,226.61856516621447,14.615402813346545,22.83506516380112,4.965406339846432,7.735662056020551e-17,,5.573820622880498e-18,0.031230690527027778,0.031230690527027778,0.03050970220384481,0.0020141735601259866,0.0020141735601259866,0.009584219973084646,0.003146939231444338,0.002084055651931214,0.0006842911066308558,2939.291734781388,1.1368683772161603e-13,7256.2777620973,2382.5689756629968,7256.2777620973,323.18272886211923,7427.754084654952
outputs/hou_early_time_v1/checkpoints/checkpoint_nr65_nz128_t000.npz,65,128,0.0,fine,64x64x128,full,5.542233338928781e-13,3.0291615245417205e-14,60.82350215002862,2.9710877556441346,18.312559310558868,1.7341540534671398,1.8649164700979458e-16,,1.0192882313390179e-17,0.008119450801535926,0.008119450801535926,0.008119450801535926,0.0003966164394725994,0.0003966164394725994,0.007458621396251185,0.0024445801230835807,0.0007063129903490805,0.00023149568870071909,2971.8399873629205,1.1368683772161603e-13,7491.085744188864,2455.2203869421546,7491.085744188864,327.01636154462545,7491.085744188863
outputs/hou_early_time_v1/checkpoints/checkpoint_nr65_nz128_t000.npz,65,128,0.0,fine,64x64x128,interior,5.542233338928781e-13,3.231105624209299e-14,60.82350215002862,3.169139862217687,18.312559310558868,1.8497611114645958,1.8649164700979458e-16,,1.087240779432556e-17,0.008119450801535926,0.008119450801535926,0.008119450801535926,0.000423054810803109,0.000423054810803109,0.007458621396251185,0.0024445801230835807,0.0007533992147109751,0.00024692830580660887,2971.8399873629205,1.1368683772161603e-13,7491.085744188864,2455.2203869421546,7491.085744188864,327.01636154462545,7491.085744188863
outputs/hou_early_time_v1/checkpoints/checkpoint_nr129_nz256_t000.npz,129,256,0.0,coarse,32x32x64,full,2.2737367544323206e-13,1.5814617285922035e-14,223.13092143816084,13.735964099495193,21.66555050638243,4.205150782311818,7.716967538783e-17,,5.3674150270841965e-18,0.030749167242952954,0.030749167242952954,0.029861963703392305,0.0018929221222063215,0.0018929221222063215,0.009080672030718382,0.0029856804769034643,0.001762502876750969,0.0005795023112606851,2946.4122312362333,1.1368683772161603e-13,7256.48664483093,2385.897258825286,7256.48664483093,323.19203215701503,7472.07798035108
outputs/hou_early_time_v1/checkpoints/checkpoint_nr129_nz256_t000.npz,129,256,0.0,coarse,32x32x64,interior,2.2737367544323206e-13,1.8073848128580642e-14,223.13092143816084,15.697575326049854,21.66555050638243,4.80568975767298,7.716967538783e-17,,6.134188535117964e-18,0.030749167242952954,0.030749167242952954,0.029861963703392305,0.0021632473253749914,0.0021632473253749914,0.009080672030718382,0.0029856804769034643,0.0020142064960664303,0.0006622612281793771,2946.4122312362333,1.1368683772161603e-13,7256.48664483093,2385.897258825286,7256.48664483093,323.19203215701503,7472.07798035108
outputs/hou_early_time_v1/checkpoints/checkpoint_nr129_nz256_t000.npz,129,256,0.0,fine,64x64x128,full,5.115907697472721e-13,3.011781434383876e-14,58.319997948640776,3.227220574891266,7.394880966666847,1.1112886848962544,1.7167235582287802e-16,,1.0106507869946646e-17,0.007784921485015148,0.007784921485015148,0.007738964592542668,0.0004307897749324166,0.0004307897749324166,0.003010953244072252,0.0009871153933721294,0.0004524803422761989,0.00014834182893356412,2980.0416455815575,1.1368683772161603e-13,7491.404770221301,2455.993290903921,7491.404770221301,327.0302883285295,7535.891559038585
outputs/hou_early_time_v1/checkpoints/checkpoint_nr129_nz256_t000.npz,129,256,0.0,fine,64x64x128,interior,5.115907697472721e-13,3.212566861426627e-14,58.319997948640776,3.4423458982006316,7.394880966666847,1.1853696565312624,1.7167235582287802e-16,,1.0780275054846395e-17,0.007784921485015148,0.007784921485015148,0.007738964592542668,0.0004595060611174188,0.0004595060611174188,0.003010953244072252,0.0009871153933721294,0.00048264368674028036,0.00015823062468112316,2980.0416455815575,1.1368683772161603e-13,7491.404770221301,2455.993290903921,7491.404770221301,327.0302883285295,7535.891559038585
outputs/hou_early_time_v1/checkpoints/checkpoint_nr193_nz384_t000.npz,193,384,0.0,coarse,32x32x64,full,2.2737367544323206e-13,1.5273420857798722e-14,223.8195856084758,13.918079722632285,21.384061812560105,4.216441178383946,7.714087699174314e-17,,5.181800739851854e-18,0.03084356569779935,0.03084356569779935,0.02992070448334292,0.0019179876736218984,0.0019179876736218984,0.008964190777308879,0.002946840928189633,0.0017675305774759024,0.0005810487055582633,2947.512192110147,1.1368683772161603e-13,7256.6054068270405,2385.498294691556,7256.6054068270405,323.19732162184073,7480.424992435516
outputs/hou_early_time_v1/checkpoints/checkpoint_nr193_nz384_t000.npz,193,384,0.0,coarse,32x32x64,interior,2.2737367544323206e-13,1.7455337956846906e-14,223.8195856084758,15.905724175809965,21.384061812560105,4.81859857066163,7.714087699174314e-17,,5.9220579319641396e-18,0.03084356569779935,0.03084356569779935,0.02992070448334292,0.002191895973955784,0.002191895973955784,0.008964190777308879,0.002946840928189633,0.002019954732889328,0.0006640292947620212,2947.512192110147,1.1368683772161603e-13,7256.6054068270405,2385.498294691556,7256.6054068270405,323.19732162184073,7480.424992435516
outputs/hou_early_time_v1/checkpoints/checkpoint_nr193_nz384_t000.npz,193,384,0.0,fine,64x64x128,full,5.186961971048731e-13,3.042127710318176e-14,57.48730011604857,3.4016295007660693,5.716159264102885,1.0664851692434378,1.739724445236917e-16,,1.0203398391415386e-17,0.007673735207494746,0.007673735207494746,0.007620047225142714,0.00045406905542941305,0.00045406905542941305,0.0023271752395099456,0.0007630257901840148,0.00043418977052547543,0.0001423605696384005,2981.4847893008523,1.1368683772161603e-13,7491.436511896079,2456.265074952666,7491.436511896079,327.0316739817378,7544.218351608957
outputs/hou_early_time_v1/checkpoints/checkpoint_nr193_nz384_t000.npz,193,384,0.0,fine,64x64x128,interior,5.186961971048731e-13,3.2449362224137526e-14,57.48730011604857,3.6283831279528855,5.716159264102885,1.1375791130806578,1.739724445236917e-16,,1.0883624944384434e-17,0.007673735207494746,0.007673735207494746,0.007620047225142714,0.000484337432772896,0.000484337432772896,0.0023271752395099456,0.0007630257901840148,0.0004631336921576267,0.00015185059784918837,2981.4847893008523,1.1368683772161603e-13,7491.436511896079,2456.265074952666,7491.436511896079,327.0316739817378,7544.218351608957
outputs/hou_early_time_v1/checkpoints/checkpoint_nr65_nz128_t004.npz,65,128,0.002191729,coarse,32x32x64,full,2271.2329768819745,129.28390740092348,18111.130080058127,443.40933572415884,3493.127212990971,79.91691743684491,0.4371086129971734,0.6991433239065398,0.024881247332210293,0.7464335084964822,0.6574415887403228,0.42740448168513073,0.018274706476163534,0.01609594414330696,0.189570495055896,0.12680197726090592,0.004337056361847139,0.002901017492263514,5196.038031162432,3248.5942427243845,24263.55445448693,18426.53421335953,27547.892299846106,383.1719524488573,42374.68453454499
outputs/hou_early_time_v1/checkpoints/checkpoint_nr65_nz128_t004.npz,65,128,0.002191729,coarse,32x32x64,interior,2271.2329768819745,147.71570992607676,18111.130080058127,506.74978191972536,3493.127212990971,91.33327308778286,0.4371086129971734,0.6991433239065398,0.02842852747423608,0.7464335084964822,0.6574415887403228,0.42740448168513073,0.020885224498754955,0.018395228803858663,0.189570495055896,0.12680197726090592,0.0049566170192528545,0.0033154359721485147,5196.038031162432,3248.5942427243845,24263.55445448693,18426.53421335953,27547.892299846106,383.1719524488573,42374.68453454499
outputs/hou_early_time_v1/checkpoints/checkpoint_nr65_nz128_t004.npz,65,128,0.002191729,fine,64x64x128,full,1475.3216404964046,77.6705881813861,11109.452529338378,253.7282797054167,2198.277222310957,26.085036990163307,0.22156995221136153,0.3987020629700073,0.011664892616763591,0.2648355362356557,0.24357581823110114,0.26483553623565526,0.006048566735082519,0.0055630170050600305,0.09262483496878714,0.048197440126698306,0.0010990980672713408,0.0005719169519549636,6658.491486648224,3700.3110280053575,41948.49636588413,23733.129705998785,45609.833562369044,407.5143245546345,41948.496365884195
outputs/hou_early_time_v1/checkpoints/checkpoint_nr65_nz128_t004.npz,65,128,0.002191729,fine,64x64x128,interior,1475.3216404964046,82.83424770950634,11109.452529338378,270.6419989697235,2198.277222310957,27.82397453329913,0.22156995221136153,0.3987020629700073,0.012440392523683131,0.2648355362356557,0.24357581823110114,0.26483553623565526,0.006451768774001425,0.00593385193128659,0.09262483496878714,0.048197440126698306,0.0011723685362182276,0.0006100433253116636,6658.491486648224,3700.3110280053575,41948.49636588413,23733.129705998785,45609.833562369044,407.5143245546345,41948.496365884195
outputs/hou_early_time_v1/checkpoints/checkpoint_nr129_nz256_t004.npz,129,256,0.002191729,coarse,32x32x64,full,2882.7885330450163,144.28908413454778,32319.211761117782,641.5233568053909,4242.129124735069,99.40877257869963,0.5457566417542012,0.7340065957595971,0.02731616457343197,1.5909688558729158,1.1236577253267235,0.6322877754844723,0.0315800920064619,0.02230415398679817,0.17893666598731556,0.14748816270874276,0.004193147783127579,0.00345619305628263,5282.1868072535,3927.4695209812407,20314.169973732907,23707.43358454988,28762.505728085835,335.4847228956091,51114.71866802124
outputs/hou_early_time_v1/checkpoints/checkpoint_nr129_nz256_t004.npz,129,256,0.002191729,coarse,32x32x64,interior,2882.7885330450163,164.9017178309533,32319.211761117782,733.1695143894092,4242.129124735069,113.60976732469065,0.5457566417542012,0.7340065957595971,0.03121845626597496,1.5909688558729158,1.1236577253267235,0.6322877754844723,0.03609153193743229,0.02549046043903916,0.17893666598731556,0.14748816270874276,0.004792157992113076,0.003949925934782298,5282.1868072535,3927.4695209812407,20314.169973732907,23707.43358454988,28762.505728085835,335.4847228956091,51114.71866802124
outputs/hou_early_time_v1/checkpoints/checkpoint_nr129_nz256_t004.npz,129,256,0.002191729,fine,64x64x128,full,2273.761374760794,81.56694782225662,29015.191837476472,371.85548697982347,5795.44073745438,59.11418737943354,0.28239161292516546,0.5379772061447087,0.010130272337541614,0.4462847067649797,0.4009739097128043,0.36308018075124887,0.005719535403911797,0.005138837244214705,0.11946186015388593,0.08008978689585838,0.001218525234878754,0.0008169253874245042,8051.802074459438,4226.5013253167135,65014.98123877301,48512.89549642813,72361.79495633137,540.8046998196343,79914.00626010807
outputs/hou_early_time_v1/checkpoints/checkpoint_nr129_nz256_t004.npz,129,256,0.002191729,fine,64x64x128,interior,2273.761374760794,87.00473465675546,29015.191837476472,396.6458514739368,5795.44073745438,63.0551234266404,0.28239161292516546,0.5379772061447087,0.01080562262362821,0.4462847067649797,0.4009739097128043,0.36308018075124887,0.006100837744107337,0.005481426375800976,0.11946186015388593,0.08008978689585838,0.0012997600489808524,0.0008713869447916911,8051.802074459438,4226.5013253167135,65014.98123877301,48512.89549642813,72361.79495633137,540.8046998196343,79914.00626010807
outputs/hou_early_time_v1/checkpoints/checkpoint_nr193_nz384_t004.npz,193,384,0.002191729,coarse,32x32x64,full,2700.2278411619855,145.14297569757792,41487.87463887238,660.1487055591294,5672.553081241795,107.62321400015483,0.5214567948185318,0.7172117790392655,0.02802940912760653,1.7431269334693011,1.2155070700336545,0.635452523979532,0.02773636872872816,0.01934096228995201,0.2625130647108724,0.1661938201319728,0.004980561545495468,0.0031531327804959043,5178.238864643947,3764.8961158711745,23800.83391649518,21608.650554171283,34132.154112212345,391.8500367287814,65288.70855536756
outputs/hou_early_time_v1/checkpoints/checkpoint_nr193_nz384_t004.npz,193,384,0.002191729,coarse,32x32x64,interior,2700.2278411619855,165.8776217956088,41487.87463887238,754.4556309593601,5672.553081241795,122.99773023650042,0.5214567948185318,0.7172117790392655,0.03203359793388258,1.7431269334693011,1.2155070700336545,0.635452523979532,0.03169870575150244,0.022103955949543157,0.2625130647108724,0.1661938201319728,0.005692059757649106,0.003603573622459777,5178.238864643947,3764.8961158711745,23800.83391649518,21608.650554171283,34132.154112212345,391.8500367287814,65288.70855536756
outputs/hou_early_time_v1/checkpoints/checkpoint_nr193_nz384_t004.npz,193,384,0.002191729,fine,64x64x128,full,2803.129267118544,83.63764901167579,36680.173081550834,406.59192027362866,8837.852803954509,76.24394682577415,0.3341663320422136,0.6240441969257042,0.00997060204062427,0.4885556232811006,0.414296189839395,0.3706490762139404,0.005415535215406448,0.0045923851835250225,0.1418792532160301,0.09982201378655434,0.0012239889572547833,0.0008611621487719584,8388.42515937374,4491.87618589821,75078.80645239475,62291.36821362951,88536.110109461,660.7818766185244,98961.99784504216
outputs/hou_early_time_v1/checkpoints/checkpoint_nr193_nz384_t004.npz,193,384,0.002191729,fine,64x64x128,interior,2803.129267118544,89.21348865554428,36680.173081550834,433.6980475399124,8837.852803954509,81.32686974954746,0.3341663320422136,0.6240441969257042,0.010635308411359153,0.4885556232811006,0.414296189839395,0.3706490762139404,0.00577657088641796,0.004898544187266787,0.1418792532160301,0.09982201378655434,0.0013055881108701179,0.0009185728811554918,8388.42515937374,4491.87618589821,75078.80645239475,62291.36821362951,88536.110109461,660.7818766185244,98961.99784504216
