label,family,reynolds,nr,nz,integrator,tau,physical_time,steps,accepted_time_step,max_u1,max_omega1,max_speed,distance_to_first_picard,distance_to_second_picard,advection_over_source,viscous_over_source,rhs_change_rate,kinetic_energy,enstrophy,l3_norm,core_l3_fraction,effective_shell_count,radial_scale,axial_scale,shell_flux_upward,outer_band_fraction,relative_divergence,curl_defect,poisson_residual,front_points_radial,front_points_axial
S_Re10_medium,S,10.0,65,129,rk4,0.025,0.057903726928105505,77,0.0007528394599912014,0.41436993270118283,0.025293340443050625,0.17470952254206226,0.0001799940889417851,0.00013372050131714132,0.0003282672618074683,0.15318716165528415,0.0,0.03881840558479695,0.00010384889003261977,0.21391144111819588,0.9996574962345939,1.3441388891339034,0.6505741979698988,0.7294205585654895,0.0,4.1462443050241535e-41,0.003534780611799746,0.020781880176558146,2.885170401201176e-15,6.5,20.0
S_Re10_medium,S,10.0,65,129,rk4,0.05,0.11580745385621101,154,0.0007528394599912014,0.39704192732162447,0.04459338325387377,0.16388237290679433,0.0006172077139273943,0.000495538250064154,0.0010512308424224747,0.2853390606902916,0.3330612303203034,0.03461323139585294,0.0003236867930265974,0.2008837033539013,0.9994236724129687,1.3674271916643217,0.64868685136661,0.7289617683145989,0.0,4.617676800330278e-31,0.003619241635255698,0.018293093228979616,6.085409953726639e-15,6.5,20.0
S_Re10_medium,S,10.0,65,129,rk4,0.1,0.23161490771242202,308,0.0007528394599912014,0.3629105888010448,0.06922520000654599,0.14395520103403894,0.0019450542846075202,0.0016797816935544406,0.002870818533370148,0.5331294513903301,0.8601472620119458,0.027952220684885492,0.0007975574761166857,0.17833840529068887,0.9986597768493318,1.4070244388091144,0.6498288418133118,0.7301223321569984,0.0,4.906251485471184e-22,0.0037682396307966593,0.016101565100875147,9.700573677662305e-15,6.5,21.0
S_Re10_medium,S,10.0,65,129,rk4,0.2,0.46322981542484404,616,0.0007528394599912014,0.29893870130607403,0.08423854607792383,0.11246426156004381,0.004978697997181097,0.004684600460222431,0.0062580786568013245,0.9734096053517144,2.8899232433332176,0.018979486986437675,0.0012701815598370253,0.14334728248301237,0.9956576837678744,1.493597175247551,0.6631195989249905,0.7380510994512279,0.0,1.1756121403991014e-14,0.003946235805605296,0.012701350011551357,9.624245844719326e-15,7.5,20.0
S_Re10_medium,S,10.0,65,129,rk4,0.4,0.9264596308496881,1232,0.0007528394599912014,0.1952653540825585,0.06582363040630672,0.07145217598034587,0.00880852373691065,0.008461806223109446,0.009199032817030835,1.7514671425579462,1.3177703158232004,0.009717207197485261,0.0009590650864533005,0.09797276829268363,0.9814086501941258,1.5730852754435136,0.7082216943184059,0.7658997465093405,0.0,2.208572916487602e-09,0.00380941519900594,0.010215980462942963,1.0512424264419451e-14,8.0,23.0
S_Re10_medium,S,10.0,65,129,rk4,0.7,1.621304353986954,2155,0.0007528394599912014,0.10438185204888781,0.03291596895484818,0.04031172246582889,0.009972101652496025,0.008726621175330521,0.01029818981277887,2.5767055286772194,0.7771023420118586,0.004257307115822676,0.0003656478086772761,0.061188009264453155,0.9334432269448564,1.6360662386071765,0.7879258439044984,0.8196334767024495,0.0,1.4046467257555371e-06,0.0031633385944649273,0.008635636994518869,1.0071804501521342e-14,9.0,27.0
S_Re10_medium,S,10.0,65,129,rk4,1.0,2.31614907712422,3078,0.0007528394599912014,0.06001738837492263,0.01679077824682635,0.025024844997352958,0.009371405305467349,0.007413950840827835,0.010139251973318086,2.9794401123955296,1.3924607770214523,0.0021664594195202713,0.0001448242417261189,0.04159795831010636,0.8552779303645971,1.659124542253968,0.8671316323088726,0.8771787025252454,0.0,2.5467633266777574e-05,0.002561767600191851,0.006545034053143691,5.80265002714242e-15,10.5,30.0
S_Re25_medium,S,25.0,65,129,rk4,0.025,0.057903726928105505,31,0.0018820986499780037,0.4247265212471852,0.02723420475794509,0.18137037201649403,0.00020019627846082995,0.0001398795440425354,0.00038028344487453687,0.06474206363547663,0.0,0.041737720530014594,0.00012094224238739773,0.22242542321777992,0.9997527714918831,1.3368919030265072,0.6529018520012522,0.730119684518255,0.0,2.872741033087285e-55,0.003481523299029581,0.02220629837874134,3.1433189384699745e-15,6.5,19.0
S_Re25_medium,S,25.0,65,129,rk4,0.05,0.11580745385621101,62,0.0018820986499780037,0.41757272626461667,0.05184218317777742,0.17690032987901325,0.0007452305578537003,0.0005429757324185801,0.0013784884130054636,0.12495681062454816,0.12059978190043946,0.03975305015177336,0.00043681498464918727,0.21667608098462363,0.9996925997897275,1.3425971547996804,0.6512874569138838,0.7296120302002966,0.0,1.6917714217958235e-44,0.0035161966492722337,0.02129037637946835,7.466249840604178e-15,6.5,19.0
S_Re25_medium,S,25.0,65,129,rk4,0.1,0.23161490771242202,124,0.0018820986499780037,0.402993476921304,0.09369036108074205,0.16809683233029876,0.0026125447010631373,0.0020445676065086434,0.004593089686228815,0.2323697905527302,0.261929653865096,0.03620811794664302,0.0014281480285854816,0.2058943468740969,0.9995253914245298,1.3596021097177646,0.6494042357460879,0.7290375823045969,0.0,3.0282194007493602e-34,0.0035818630250181597,0.019238130533593096,1.1338152638984411e-14,6.5,20.0
S_Re25_medium,S,25.0,65,129,rk4,0.2,0.46322981542484404,248,0.0018820986499780037,0.37342422875700426,0.15236039532211623,0.15137155717792325,0.008556747925004363,0.0072017598472507655,0.013391731139381255,0.44192747255508646,0.6573141118021629,0.030378465746913566,0.003849629158982023,0.18673072711220998,0.9989981952568746,1.3917755057119792,0.6494767916128216,0.7293467599081003,0.0,7.541540116456776e-25,0.0036968495923375075,0.01703629838363978,1.762479051592436e-14,6.5,21.0
S_Re25_medium,S,25.0,65,129,rk4,0.4,0.9264596308496881,495,0.0018820986499780037,0.31656574854432334,0.2019614838555246,0.1233108123879465,0.023769225881406685,0.021726538352246635,0.0320378565783324,0.825015696075654,2.2991916578965754,0.02202199500255331,0.007205847109600569,0.15567203408013866,0.9970152519589905,1.4478214801369893,0.6586997392275468,0.7342048938459294,0.0,6.780623412524383e-17,0.0038488204949652396,0.013824060298518527,2.503552920529728e-14,7.0,20.0
S_Re25_medium,S,25.0,65,129,rk4,0.7,1.621304353986954,865,0.0018820986499780037,0.2432620726190896,0.1939201383250018,0.09221907924357292,0.043607586901224786,0.04236298583936745,0.05014719908962513,1.3007858859438388,2.1714537456980167,0.01428190875992736,0.007585328218002299,0.12160040363298992,0.9909826119540983,1.5319133951697177,0.683534847934631,0.7482246222641183,0.0,6.4187773860207155e-12,0.003867371408255779,0.011303670202490821,2.6673108166619386e-14,7.5,20.0
S_Re25_medium,S,25.0,65,129,rk4,1.0,2.31614907712422,1235,0.0018820986499780037,0.18593127686498565,0.15802142446757977,0.07051489183984826,0.05540549327839049,0.05333908180823139,0.05938268422262102,1.8075625639527082,0.42854188540046256,0.009683787471790597,0.005796340643419463,0.09737989927864939,0.980290295423985,1.5702023766259545,0.7138182772759177,0.7669066427019384,0.0,1.7815716178889508e-09,0.003705727080546274,0.010338875195168885,1.5529244556944377e-14,8.0,21.0
S_Re50_medium,S,50.0,65,129,rk4,0.025,0.057903726928105505,16,0.0037641972999560075,0.4281906996063668,0.02795184862795704,0.1836121943316873,0.00020741681356790405,0.00014174356082508155,0.0003995056860295728,0.03286475783343425,0.0,0.042795191301614674,0.00012731340195400623,0.2253970183953487,0.9997764518173224,1.3334054165888936,0.6539286142766806,0.7304337614309305,0.0,7.149848014876374e-67,0.003463498058845305,0.022549283446985584,2.6957602816679582e-15,6.5,19.0
S_Re50_medium,S,50.0,65,129,rk4,0.05,0.11580745385621101,32,0.0037641972999560075,0.42446888055252213,0.054451317795043204,0.1813510336543189,0.0008007936169593555,0.0005595067394990852,0.0015222639583480602,0.06479214739548225,0.05891127638858037,0.041737535855439906,0.0004836419621929599,0.22241538465188443,0.9997523586213594,1.336919760774358,0.6529553418209543,0.7301166433930318,0.0,2.775777495507671e-55,0.003480532754265421,0.02220859513512212,5.988265439071938e-15,6.5,19.0
S_Re50_medium,S,50.0,65,129,rk4,0.1,0.23161490771242202,63,0.0037641972999560075,0.4166020917476445,0.10355300691948448,0.17682971929984725,0.0029809539956750144,0.002171865319781088,0.005528722931228091,0.1252819421060562,0.12514835842868335,0.03975207943762088,0.0017454775327133388,0.21663756587742194,0.9996905102499821,1.342698610947461,0.6514929349516491,0.7296009270910669,0.0,1.5829104134683e-44,0.0035122969799225843,0.021299036120304,1.867950238931826e-14,6.5,19.0
S_Re50_medium,S,50.0,65,129,rk4,0.2,0.46322981542484404,125,0.0037641972999560075,0.39956568291370526,0.18643398733747382,0.16786031385677105,0.010450202495863228,0.008180987914313652,0.01854077514040661,0.2350070716536918,0.282331292835601,0.03620311354301645,0.0056906762513294845,0.20575404298386027,0.9995136625201267,1.3600890408509623,0.6501615170984154,0.729003009559286,0.0,2.701725870856589e-34,0.0035668632785920405,0.019254420638476745,1.9095836023552692e-14,6.5,20.0
S_Re50_medium,S,50.0,65,129,rk4,0.4,0.9264596308496881,249,0.0037641972999560075,0.36289349300948814,0.2990230288434694,0.15068783514277861,0.03435381160150745,0.028892759463934336,0.055175150930022974,0.45703411380812614,0.7512027456786832,0.03035611806147703,0.01519195005359926,0.18627666362911072,0.9989266098670497,1.392242675426181,0.6520396236438126,0.7292914882623122,0.0,6.335641076277906e-25,0.003642783768607774,0.0171421906480228,2.881028748902281e-14,6.5,21.0
S_Re50_medium,S,50.0,65,129,rk4,0.7,1.621304353986954,434,0.0037641972999560075,0.30947164564187873,0.3733851071734213,0.127976403962191,0.08016306095533729,0.07202894607792086,0.11762166973267328,0.7799159866580306,1.8058220568647696,0.023736911548163077,0.02570724597505724,0.1616917305648555,0.9973279556818471,1.448381132399081,0.6616956122895267,0.7327138827408295,0.0,2.2237727434832323e-18,0.0036871594205659906,0.014656356056129523,3.097522238704187e-14,7.0,21.0
S_Re50_medium,S,50.0,65,129,rk4,1.0,2.31614907712422,619,0.0037641972999560075,0.2627555827670856,0.3826054352276019,0.1093356306205532,0.12623996323603828,0.11918089526423117,0.16622745681300624,1.0677339448024998,2.1087507631086786,0.018860751437909763,0.02956381637729186,0.14150284066897026,0.9946613823146392,1.486815305164014,0.675683648140554,0.7389131788241458,0.0,7.635494240650272e-15,0.0036767668120123824,0.013283250965772566,4.5324854980322016e-14,7.0,20.0
S_Re100_medium,S,100.0,65,129,rk4,0.025,0.057903726928105505,8,0.007528394599912015,0.4299248368946665,0.028339738048914084,0.18473658432727816,0.00021098941923002482,0.00014256312768314833,0.00040910101106453176,0.01652965459181444,0.0,0.043342594429140915,0.00013063846959914357,0.2269097102208203,0.9997865997699107,1.3317376111377957,0.6544962117768753,0.7306070186353036,0.0,0.0,0.003454439600401547,0.02335757246847709,2.321060010856968e-15,6.5,20.0
S_Re100_medium,S,100.0,65,129,rk4,0.05,0.11580745385621101,16,0.007528394599912015,0.4279255422613858,0.05587892835526202,0.18359193579722743,0.0008297911088281996,0.0005670323228125162,0.0015989923588665856,0.03288649053782534,0.02959444082256028,0.04279504356271506,0.0005091180598799917,0.2253867945436644,0.9997760738111546,1.333434299577504,0.6539831668711427,0.7304306503252598,0.0,7.431460193743597e-67,0.0034625012939342526,0.022553192357385697,5.100087019371813e-15,6.5,19.0
S_Re100_medium,S,100.0,65,129,rk4,0.1,0.23161490771242202,32,0.007528394599912015,0.4234404655139236,0.10876604214048922,0.18127354392656686,0.003203307868169577,0.0022378471167055695,0.0061070950320019895,0.06499207494333194,0.06320487432117601,0.041736797533081016,0.0019325383203277334,0.2223753375022054,0.9997505396201605,1.337033862757638,0.6531689701064813,0.7301049125797412,0.0,2.6062738241233916e-55,0.0034765811741929815,0.02221775190244076,9.83935155574045e-15,6.5,19.0
S_Re100_medium,S,100.0,65,129,rk4,0.2,0.46322981542484404,63,0.007528394599912015,0.4127505507132124,0.20605920384885798,0.17654533290759317,0.011924240560718865,0.00868704418362704,0.02234899824661074,0.1265681375892771,0.14358893609695178,0.039748201720393166,0.006953531826503141,0.21648479399310602,0.9996808291637913,1.3431325411569741,0.6523104261428694,0.7295607083438402,0.0,1.4089942866483643e-44,0.003496853028844632,0.02133320506384437,3.5485503424581566e-14,6.5,19.0
S_Re100_medium,S,100.0,65,129,rk4,0.4,0.9264596308496881,125,0.007528394599912015,0.3862523428690255,0.3654041932788543,0.16688997012793835,0.04180124309617964,0.03277683506770677,0.07677296461844708,0.24665152238905527,0.36869811064829827,0.036183157951833876,0.022418417535394596,0.20520725949603888,0.9994566995869782,1.3605668937209363,0.6531362055112224,0.7289029313565349,0.0,2.250958671165415e-34,0.0035088906033159213,0.01931360041081673,3.083644450896372e-14,6.5,20.0
S_Re100_medium,S,100.0,65,129,rk4,0.7,1.621304353986954,218,0.007528394599912015,0.3404951201915587,0.5217620921438623,0.1524393682687936,0.11168133694922659,0.09229227262177293,0.1967121676519989,0.44624656723585954,0.7784123215691952,0.03162014236144044,0.049339589158926236,0.18950492339386696,0.998856343738172,1.3848061209647655,0.6589477710167208,0.729020231996254,0.0,9.723260895660457e-27,0.0034709099179525255,0.017961712889438614,4.141131881851834e-14,7.0,21.0
S_Re100_medium,S,100.0,65,129,rk4,1.0,2.31614907712422,311,0.007528394599912015,0.29565529611252844,0.5987367370580339,0.13857860247793746,0.20006642601019248,0.17518468423890016,0.3491252879236612,0.6733613738738399,1.0400695161656641,0.02777344665969019,0.07210151868853491,0.17522456461325456,0.9978630368947414,1.430409258171114,0.6682006926352413,0.7304802757286166,0.0,2.7176528371620823e-22,0.0033890072987687817,0.016675689147606462,8.68749516769185e-14,7.0,20.0
S_Re200_medium,S,200.0,65,129,rk4,0.025,0.057903726928105505,4,0.01505678919982403,0.4307923604543697,0.028535556196313823,0.1852996011208509,0.00021280335897984283,0.0001429726630843549,0.00041400387943112533,0.008288018064015369,0.0,0.04362136533404848,0.00013233732407965558,0.22767296512734894,0.999791224496797,1.3309256137737033,0.6547943456193799,0.7306977954190693,0.0,0.0,0.0034498998232162167,0.02401947393036968,2.1892210266827306e-15,6.5,20.0
S_Re200_medium,S,200.0,65,129,rk4,0.05,0.11580745385621101,8,0.01505678919982403,0.42965585254640504,0.05665438186961569,0.18471584980923295,0.0008440883316680294,0.0005703088999327942,0.0016374286444587717,0.0165410877392118,0.015410248228570492,0.04334246751947636,0.000522413841478322,0.22689939645273619,0.9997862387682477,1.331767012545239,0.6545513071668438,0.7306038778804091,0.0,0.0,0.0034534398133076356,0.023361136257985454,7.424616477180734e-15,6.5,20.0
S_Re200_medium,S,200.0,65,129,rk4,0.1,0.23161490771242202,16,0.01505678919982403,0.42686716521158596,0.11155984024866646,0.183510757951558,0.0033211469871251096,0.0022690645653422725,0.006411409225474644,0.03297310191531677,0.03429571383467613,0.042794453016162776,0.0020343062804461937,0.22534601358544784,0.9997743851702869,1.3335524841356738,0.6542010309732471,0.7304186749563081,0.0,7.113323165228053e-67,0.0034585252747542736,0.022568800189268677,1.2753686995381486e-14,6.5,19.0
S_Re200_medium,S,200.0,65,129,rk4,0.2,0.46322981542484404,32,0.01505678919982403,0.4193609096966564,0.21644373905506312,0.18096141994911966,0.012815200086431177,0.008948714085477691,0.02468351648549256,0.06570340356960751,0.08256847824405386,0.04173385025371336,0.007697845655131311,0.2222165866622929,0.99974183897437,1.3375181585113707,0.6540186843282757,0.7300626359295038,0.0,2.3293337826704687e-55,0.0034609428006814975,0.022253894255601748,2.860038594842962e-14,6.5,19.0
S_Re200_medium,S,200.0,65,129,rk4,0.4,0.9264596308496881,63,0.01505678919982403,0.3978262927161386,0.40386556648743,0.17537752093191883,0.047699133001452,0.03475366421793933,0.09274001203051857,0.13109910570724703,0.22487737880641404,0.03973277328624812,0.027368864660649705,0.21589131082679616,0.9996309553520644,1.346950399490121,0.6555167246858692,0.7294439976794772,0.0,1.1786739503115744e-44,0.0034374624587387194,0.02142386224809859,5.5011550870176507e-14,6.5,19.0
S_Re200_medium,S,200.0,65,129,rk4,0.7,1.621304353986954,110,0.01505678919982403,0.35465484742994074,0.6201827594354901,0.16600486360629724,0.133206958967318,0.10402097913992583,0.2634953527275082,0.2440144805188778,0.5074653639027652,0.036971421177048665,0.06921595590394831,0.20636134885722188,0.9993088478541533,1.3578898000872976,0.6615171083696022,0.7289030862137251,0.0,2.194141888350448e-36,0.003346414745088564,0.019899459971303123,9.08162434143378e-14,7.0,19.0
S_Re200_medium,S,200.0,65,129,rk4,1.0,2.31614907712422,157,0.01505678919982403,0.3076425504699132,0.7550797034620969,0.15684132929018615,0.2577943227613824,0.21385357473970915,0.5006115708155047,0.37190471285104426,0.6721821839458907,0.034439766806183006,0.11508680311122706,0.19697386555851898,0.9987473953359344,1.3903363155050348,0.6706915695670747,0.7290135288318271,0.0,2.3702091928478443e-31,0.0032119669181677143,0.019499376646525773,8.604228440844963e-14,6.5,21.0
S_Re400_medium,S,400.0,65,129,rk4,0.025,0.057903726928105505,2,0.03011357839964806,0.4312262195468837,0.028633924985349217,0.18558130928062191,0.00021371672516655522,0.00014317776906961835,0.00041648105724362045,0.004149642129278415,0.0,0.04376207956599298,0.00013319602261979244,0.2280563422273488,0.999793420908021,1.3305254950361138,0.654947093574272,0.7307442315317201,0.0,0.0,0.0034529943172201794,0.02436390026241498,3.3584246494910985e-15,6.5,20.0
S_Re400_medium,S,400.0,65,129,rk4,0.05,0.11580745385621101,4,0.03011357839964806,0.43052144527384373,0.05704585968254078,0.1852786245859984,0.000851347638543265,0.0005719464065962503,0.0016570697150352658,0.008293880122733225,0.008565914403346593,0.04362124949048341,0.0005292069578511175,0.22766260722025614,0.9997908717460461,1.33095530183547,0.6548497154805561,0.7306946416399716,0.0,0.0,0.003448898544131376,0.024023205866884802,5.0584536559483695e-15,6.5,20.0
S_Re400_medium,S,400.0,65,129,rk4,0.1,0.23161490771242202,8,0.03011357839964806,0.4285822214580974,0.11310814239870863,0.1846327641984664,0.0033784445138073126,0.002282144006647752,0.006566029018608721,0.016586661742179945,0.020668624633741882,0.04334196030835462,0.0020874176992025937,0.22685825991159672,0.9997846126193118,1.3318875989673822,0.6547713347509063,0.730591804442597,0.0,0.0,0.0034494519303096918,0.02337531608733214,1.2878587085651816e-14,6.5,20.0
S_Re400_medium,S,400.0,65,129,rk4,0.2,0.46322981542484404,16,0.03011357839964806,0.4226694161005764,0.2217573168885192,0.18318376399200478,0.013303306388308378,0.009082691317909957,0.02588787571703664,0.033314272634461094,0.05551707420114016,0.04279209736444686,0.008102748507237065,0.2251844111345989,0.9997661490081922,1.3340546767870851,0.6550674900562884,0.730375684065628,0.0,6.443664202815273e-67,0.003442796104431613,0.022630785291690363,1.6991616447192825e-14,6.5,19.0
S_Re400_medium,S,400.0,65,129,rk4,0.4,0.9264596308496881,32,0.03011357839964806,0.4035722208926065,0.42431077336170475,0.17967927587744137,0.05128266571215486,0.03583986179772358,0.10195334377480379,0.06797491419393062,0.171573332149361,0.04172215696090636,0.03028478830562958,0.2216010472572277,0.9996952943977035,1.3424812231217165,0.6573487300227826,0.729941210267556,0.0,1.9854026558226996e-55,0.0034009741102616685,0.02239067489230227,4.6906922790412864e-14,6.5,19.0
S_Re400_medium,S,400.0,65,129,rk4,0.7,1.621304353986954,56,0.03011357839964806,0.3613745096120868,0.6768870973726232,0.173643181910715,0.1486489649517054,0.11043500178595715,0.30830622938268415,0.12634063461196027,0.4264961024460508,0.04017554128533811,0.08230173112308865,0.21576962307495984,0.9994655429741575,1.358989675893799,0.6643630049316133,0.7294554338443023,0.0,9.170133351209772e-47,0.0033673897619398954,0.0218818961403693,8.243405957841787e-14,6.0,19.0
S_Re400_medium,S,400.0,65,129,rk4,1.0,2.31614907712422,80,0.03011357839964806,0.3122098430854821,0.8527803722720677,0.1667712450256324,0.2947179400254095,0.23420780761441043,0.6078168685358905,0.2008968256030085,0.5944545905756319,0.038681310860684284,0.14642386948283645,0.20961319791563224,0.9990414616206054,1.3791347458384502,0.674596423911295,0.7293823553545206,0.0,2.1486336548231023e-41,0.0033624120027801823,0.021063325391616584,9.203748874142548e-14,6.5,20.0
A_Re10_medium,A,10.0,65,129,rk4,0.025,0.03361074213453102,77,0.0004369924752836929,0.6974035375068863,0.05708514909963597,0.18984579766097773,0.00010529595074521993,8.916970201015559e-05,0.00018341229202795,0.3460292374360377,0.0,0.03701603270953677,8.253633677522058e-05,0.21315737849224667,0.9962455070977582,1.7055825787806806,0.6070602678109062,0.7384771975871519,0.0,3.171246314989525e-41,0.008088819508308828,0.05827952100506741,4.711508960753008e-15,4.5,19.5
A_Re10_medium,A,10.0,65,129,rk4,0.05,0.06722148426906203,154,0.0004369924752836929,0.6478004630387078,0.08789519244232886,0.16965614323167394,0.00030997748151843663,0.00029499579325408003,0.0005047432353722673,0.5842010881530948,0.8267545901055605,0.031022807506800837,0.0002123016130058357,0.1937406817032728,0.994967792626,1.739876828941418,0.6107808245221433,0.7349142547313119,0.0,3.616237264144725e-31,0.008466430435977014,0.04636261570828415,6.83481049534862e-15,4.5,21.5
A_Re10_medium,A,10.0,65,129,rk4,0.1,0.13444296853812407,308,0.0004369924752836929,0.5437690381359653,0.10899236519699448,0.14023834419231807,0.0007969270996874453,0.0008637946087000448,0.0009909888755539613,0.9826700282224806,3.1909629747721175,0.022448228129313665,0.00037829835510349154,0.16240540781901625,0.9912000603716314,1.7937740553781463,0.6215618321102802,0.727393437859023,0.0,4.075683130308895e-22,0.008783110839596929,0.03583323437737,6.859096624012295e-15,4.5,22.5
A_Re10_medium,A,10.0,65,129,rk4,0.2,0.26888593707624814,616,0.0004369924752836929,0.35205891956169666,0.08033941794853065,0.10340038664592027,0.001662171319570576,0.0017326948079024152,0.0019234431457889338,1.770783108774902,1.2838509295468665,0.01269244380798908,0.00035511727779138024,0.11890449075133762,0.97849575479548,1.935543762554444,0.6487798581553749,0.7110975489717318,0.0,1.0923438430606263e-14,0.008736344679502975,0.029462553826402272,6.279698983036042e-15,4.5,24.5
A_Re10_medium,A,10.0,65,129,rk4,0.4,0.5377718741524963,1232,0.0004369924752836929,0.16562805364295793,0.03267121000294831,0.06032067167212095,0.0029736484644171464,0.0026336732211128923,0.0028314284883536617,2.387318773359277,1.6465372676199184,0.004942121079923689,0.0001356103504663916,0.07113282231616624,0.9291675670039878,2.122765302822665,0.7076587743835514,0.6819018519587665,0.0,2.437835784264447e-09,0.004468480107077655,0.016554325208985077,1.087671619437458e-14,8.0,27.5
A_Re10_medium,A,10.0,65,129,rk4,0.7,0.9411007797668685,2155,0.0004369924752836929,0.08131725522903588,0.014418731741799523,0.031244823326887446,0.0029969234178114927,0.002406519770383985,0.0029818810423875163,2.5199969114579575,3.6976306683703526,0.0016466835181602444,3.71803106163765e-05,0.0391949037915471,0.8021140518614499,2.2025977114502906,0.7931698107961828,0.645509132627743,0.0,1.7977115564590927e-06,0.0031746171719789123,0.009701932143551185,4.390585117697299e-15,9.0,27.5
A_Re10_medium,A,10.0,65,129,rk4,1.0,1.3444296853812407,3078,0.0004369924752836929,0.044358547874169,0.006880838377058886,0.018399064022019816,0.002683042158822836,0.002025622840730002,0.002965794204821217,3.4523944999340226,1.5566973265659922,0.0007018447929994564,1.528048196684855e-05,0.02471244234628402,0.6494606816544874,2.2668691273335058,0.872498367409384,0.6066464518232869,0.0,3.468350869725587e-05,0.0025220292035141377,0.005681980312576881,2.892651396191326e-15,10.5,33.0
A_Re25_medium,A,25.0,65,129,rk4,0.025,0.03361074213453102,31,0.0010924811882092322,0.7256810661298064,0.06916629321248526,0.20395533548126724,0.00012735862471238541,9.798355922476221e-05,0.000229865145943707,0.1589842649676931,0.0,0.04145573528755732,0.00011021703533630617,0.22645676660716632,0.9967798770080687,1.7368978483606006,0.6057322278720401,0.740607392010784,0.0,2.2551569119372074e-55,0.008587450463623103,0.07188125089642484,6.161737786669619e-15,4.5,19.0
A_Re25_medium,A,25.0,65,129,rk4,0.05,0.06722148426906203,62,0.0010924811882092322,0.7067578013060294,0.12138129956888184,0.1944546790447634,0.00044799501359529933,0.0003683881975869853,0.0007895845440181865,0.2882106150681031,0.30467826515518603,0.03841150717242316,0.0003624865664444216,0.2174286101669649,0.9964450752894032,1.7300865472486902,0.6065507773292742,0.7391805497214982,0.0,1.2964600924143544e-44,0.007814160683338069,0.061093773910634815,7.868705687030797e-15,4.5,19.0
A_Re25_medium,A,25.0,65,129,rk4,0.1,0.13444296853812407,124,0.0010924811882092322,0.6666934394204299,0.1929697210780498,0.17746380201954137,0.0014010805996531295,0.001283043263395784,0.0023574575113445148,0.49946952757670193,0.6419040847068342,0.03324289341997736,0.0010083025301255424,0.20112664554058993,0.9955244563747624,1.7196460840680943,0.6092015378236402,0.7363256852556006,0.0,2.364728110326831e-34,0.0083263080650087,0.05024313831734381,1.0852430065710905e-14,4.5,20.5
A_Re25_medium,A,25.0,65,129,rk4,0.2,0.26888593707624814,248,0.0010924811882092322,0.583405039383734,0.2638307078199533,0.14942733504026523,0.0038005047669486176,0.0039579529761889064,0.005242325316335541,0.8159065307033146,1.82670133123733,0.025445855892659082,0.0020695174011724667,0.17387841428189996,0.9928744823823259,1.7517424473489556,0.6171538989894757,0.730416808605729,0.0,6.240227762485602e-25,0.008635940784283792,0.03894142136793113,2.992051051364797e-14,4.5,21.5
A_Re25_medium,A,25.0,65,129,rk4,0.4,0.5377718741524963,495,0.0010924811882092322,0.4186054229067612,0.23670661773426208,0.11632482405366999,0.008435368034174948,0.009076896462642817,0.009977677127043083,1.5159095694331897,1.911265056335713,0.01577547882680073,0.0024664852480013395,0.13384067955152323,0.9843470893243388,1.887137031197094,0.6381519076591037,0.7176024591371545,0.0,6.299431538355342e-17,0.008858374142016383,0.03103369248616506,2.911559882079473e-14,4.5,23.5
A_Re25_medium,A,25.0,65,129,rk4,0.7,0.9411007797668685,865,0.0010924811882092322,0.24230247652567213,0.1368831943864655,0.08204589007133636,0.012661715167699754,0.011773008013255525,0.015589444925715689,2.3311161000174865,0.41846104309733434,0.008467425358082181,0.0015489341828264075,0.0952599669417623,0.9623518953577336,2.024524397517307,0.6734669741739856,0.6987753106016352,0.0,6.8925927570686014e-12,0.006996340884155493,0.02257655933716374,2.721434189112415e-14,6.0,26.5
A_Re25_medium,A,25.0,65,129,rk4,1.0,1.3444296853812407,1235,0.0010924811882092322,0.16302031350619953,0.08059567526971732,0.06003960790275962,0.018617145639676744,0.016469204701842148,0.01782976703320675,2.429734610686318,1.054936133513338,0.004935611418405257,0.0008383408109401832,0.07099679498432977,0.9284347707379506,2.1185926070153953,0.7091940480045933,0.6826934593268096,0.0,2.1321678141819303e-09,0.004470424078152699,0.016614899576796766,1.8082757513582237e-14,8.0,27.5
A_Re50_medium,A,50.0,65,129,rk4,0.025,0.03361074213453102,16,0.0021849623764184645,0.7347569710252333,0.07419952070354593,0.2087131425672135,0.00013615838125951004,0.00010098519177598529,0.0002507282911587903,0.08546763081948244,0.0,0.043126491737956296,0.0001222513849581177,0.23123288782577436,0.9969061013422456,1.7222506590499849,0.6054913938393133,0.741317062817833,0.0,6.746476274970405e-67,0.009076895825140504,0.08363237474841664,3.982925100842749e-15,4.5,19.0
A_Re50_medium,A,50.0,65,129,rk4,0.05,0.06722148426906203,32,0.0021849623764184645,0.7253979414745126,0.13828677220414498,0.2039433399451696,0.0005094572122691014,0.0003921023963524404,0.000919828018236536,0.15901048131067066,0.1538278355038537,0.04145554480682928,0.000440800779414418,0.2264516205034623,0.9967787627211544,1.7368918294413704,0.6057568199608899,0.7406020493970429,0.0,2.183043382013609e-55,0.008588483012807145,0.07189439531448256,1.021405182655144e-14,4.5,19.0
A_Re50_medium,A,50.0,65,129,rk4,0.1,0.13444296853812407,63,0.0021849623764184645,0.7057157838639013,0.24247164333190724,0.19441433601066252,0.0017922987553767088,0.0014752849650251207,0.003162461837049823,0.288403876331485,0.30813280539254806,0.03841057341631124,0.0014491179251373237,0.2174094474023713,0.9964404701801597,1.7300604979227099,0.6066434762965243,0.7391595428283126,0.0,1.2179539138376823e-44,0.00781744933887518,0.06108653197693303,1.867950238931826e-14,4.5,19.0
A_Re50_medium,A,50.0,65,129,rk4,0.2,0.26888593707624814,125,0.0021849623764184645,0.6632882115171485,0.38478925830077926,0.177226507562686,0.005601326576633456,0.005139318518752364,0.009484081996636496,0.5016434385475155,0.6561352603099261,0.03323868469557749,0.004025074643293048,0.20106104975894154,0.9955045989907174,1.7194873602728444,0.6095299600982176,0.7362490220126383,0.0,2.129508949548666e-34,0.008315555175145635,0.05024263589004499,2.015054789694659e-14,4.5,20.5
A_Re50_medium,A,50.0,65,129,rk4,0.4,0.5377718741524963,249,0.0021849623764184645,0.5744771232290493,0.5221822587057212,0.14919555541687737,0.015210942366972976,0.015899744138595885,0.021193700727508816,0.8233241155383227,1.9260570734889524,0.025430929816073502,0.008225100689872741,0.17368991645395554,0.992783638204015,1.7510726498184672,0.6181821157453006,0.7301991799262665,0.0,5.346045717596807e-25,0.008591764033127527,0.038951933268252525,3.341771304121721e-14,4.5,21.5
A_Re50_medium,A,50.0,65,129,rk4,0.7,0.9411007797668685,434,0.0021849623764184645,0.44438005177996237,0.49766589370222314,0.12301081507337301,0.029577411937782513,0.03216026110805658,0.03514786419075584,1.3677430996205384,1.8658052886704504,0.0176481512576655,0.009956110113467542,0.14209758489399152,0.9865895664643229,1.8335434221672193,0.6347618176050424,0.7206167519235716,0.0,2.0715094526295314e-18,0.008767136246484458,0.03250498655730049,4.063416270128073e-14,4.5,24.0
A_Re50_medium,A,50.0,65,129,rk4,1.0,1.3444296853812407,619,0.0021849623764184645,0.33599391006373597,0.38643609579447896,0.10229111943824275,0.042014094316911735,0.04386209593792879,0.05015145650061882,1.8379332997128999,0.4424847448963845,0.012645484665637143,0.008634805649550882,0.11832105080622171,0.977615495968595,1.9185290137527624,0.652979779763437,0.711159233329238,0.0,7.757775377471653e-15,0.008601242840858994,0.029620752553791388,5.115352585960409e-14,4.5,24.0
A_Re100_medium,A,100.0,65,129,rk4,0.025,0.03361074213453102,8,0.004369924752836929,0.7392455008073499,0.07697743250359997,0.21109192985372083,0.0001408500011041648,0.00010250429144695441,0.0002651987124141276,0.04670203793325423,0.0,0.044006124436713055,0.00012901595801883666,0.23369537577315616,0.9969569895529691,1.723303333069952,0.6054159722642615,0.7416684417866546,0.0,0.0,0.00934756637263071,0.09170056276385058,6.4705185653934905e-15,4.5,19.0
A_Re100_medium,A,100.0,65,129,rk4,0.05,0.06722148426906203,16,0.004369924752836929,0.734462764805705,0.148346592319076,0.2087000656998857,0.000544656724562084,0.00040415566367550107,0.0010033499859542485,0.08551882087482596,0.07773239870464634,0.043126334414944026,0.0004889281226151734,0.2312275704214987,0.9969049932440532,1.7222460042312677,0.6055167084771248,0.7413117441236783,0.0,7.00009847897081e-67,0.009078059152688311,0.08364986121266299,1.1102230246251565e-14,4.5,19.0
A_Re100_medium,A,100.0,65,129,rk4,0.1,0.13444296853812407,32,0.004369924752836929,0.7242667530407974,0.2762072446375664,0.20389528879853416,0.0020381934678240623,0.0015711021800681414,0.0036851773807179185,0.15911420955827685,0.1574507595024462,0.041454783142477705,0.0017621261070607033,0.22643106977613336,0.9967742430100709,1.7368683982576407,0.6058550944215374,0.7405808268784405,0.0,2.0540092148073797e-55,0.008592612633182723,0.07194695849054353,2.1121993043493603e-14,4.5,19.0
A_Re100_medium,A,100.0,65,129,rk4,0.2,0.26888593707624814,63,0.004369924752836929,0.7015663326711364,0.4826225017164037,0.19425202759021856,0.007174333922059554,0.005928917411360494,0.012715263086485823,0.28915525898008076,0.3220406027455588,0.038406841950314276,0.005783253824279,0.21733316588097476,0.9964215635456823,1.7185678890044707,0.6070131118973776,0.7390770011230173,0.0,1.0883475478692071e-44,0.007830593293996588,0.06105756277029831,3.325117958752344e-14,4.5,19.0
A_Re100_medium,A,100.0,65,129,rk4,0.4,0.5377718741524963,125,0.004369924752836929,0.6498835380715023,0.7604706194077155,0.17627180857119726,0.022358607983622998,0.020672141104940606,0.03867208848768681,0.5084674172978468,0.7138388426469342,0.033221891928492314,0.015971350402809642,0.20080220360772055,0.9954215271049939,1.711613896944375,0.6108309934920664,0.735957243097988,0.0,1.7851931529398603e-34,0.008273694300657927,0.05024153326493819,5.750955267558311e-14,4.5,20.5
A_Re100_medium,A,100.0,65,129,rk4,0.7,0.9411007797668685,218,0.004369924752836929,0.5676622047889961,0.9751276686265133,0.15337021746919988,0.050978111534599045,0.05265488614146398,0.07766068493137276,0.7713932973604419,1.4056178172888838,0.027084798608402037,0.029043038468931238,0.1793590768514855,0.9932788458531329,1.7498578074494453,0.6190331731101096,0.7310913201235084,0.0,8.104454939144837e-27,0.00842205160381995,0.04093009699135146,8.193445921733655e-14,4.5,21.0
A_Re100_medium,A,100.0,65,129,rk4,1.0,1.3444296853812407,311,0.004369924752836929,0.4883726529592185,1.0110560790560055,0.13845388158412628,0.08000701572341601,0.08865021814926204,0.10734406358298747,1.0654426150294818,2.3553023369351345,0.02234019747407221,0.03610062169722967,0.1611290924032068,0.9903674394931481,1.7791490998680441,0.6288944360403866,0.7262054420145475,0.0,2.3715211892490374e-22,0.0084555002125539,0.03618157414184668,6.850076061937216e-14,4.5,22.5
A_Re200_medium,A,200.0,65,129,rk4,0.025,0.03361074213453102,4,0.008739849505673858,0.7414797631036258,0.07844129362019711,0.21228132156945687,0.00014326627331160766,0.00010327183982116402,0.00027289527630347494,0.024511742629868074,0.0,0.04445829772730334,0.00013262090152590174,0.2349466068016974,0.9969790522649853,1.737523942423368,0.6053903512721134,0.7418422519585286,0.0,0.0,0.009487802468267682,0.09646932139612553,5.80785419757035e-15,4.5,19.0
A_Re200_medium,A,200.0,65,129,rk4,0.05,0.06722148426906203,8,0.008739849505673858,0.7389457650816649,0.15389830810200356,0.2110782841190201,0.0005634230344031083,0.00041026198916759417,0.001061322624801966,0.04673194066735903,0.039610188244539234,0.04400598753412594,0.0005159806226109248,0.23368997454773746,0.9969558823979747,1.7232999700829406,0.6054416546810631,0.7416631532507473,0.0,0.0,0.009348799586607443,0.0917210528297056,9.971190539914687e-15,4.5,19.0
A_Re200_medium,A,200.0,65,129,rk4,0.1,0.13444296853812407,16,0.008739849505673858,0.7332873201077098,0.2962737918178137,0.20864768409023307,0.0021789998337464586,0.0016200640368231865,0.004020370719834022,0.0857235711616627,0.0812369101253831,0.043125705403298235,0.0019544747497127514,0.23120633862931808,0.9969004916400583,1.722228156606878,0.6056178643340336,0.7412906358760689,0.0,6.695409602595875e-67,0.00908271192883786,0.0837197876050924,1.7236212457305555e-14,4.5,19.0
A_Re200_medium,A,200.0,65,129,rk4,0.2,0.26888593707624814,32,0.008739849505673858,0.7197628847427182,0.5494909745208147,0.20370198364443745,0.008158684682913923,0.006327620900501487,0.014833675155155934,0.1595108642386186,0.17217096960483852,0.041451740618639106,0.007031322047646723,0.22634931870472902,0.9967556057040817,1.7335222990412495,0.6062468344630999,0.7404976238308393,0.0,1.8324449984325402e-55,0.00860912169381176,0.07215697818980644,2.0632801023268144e-14,4.5,19.0
A_Re200_medium,A,200.0,65,129,rk4,0.4,0.5377718741524963,63,0.008739849505673858,0.6852621305969276,0.9468979832168715,0.19358798739986655,0.028782087040471766,0.024164106144240863,0.05187096709170115,0.2918099027452016,0.3791708857796544,0.03839197293457184,0.022923781034900094,0.21703312538875674,0.9963415148857546,1.7070860739023483,0.6084747951949844,0.738764454000886,0.0,9.041735548761582e-45,0.007882992453083198,0.060941632726842665,5.134781488891349e-14,4.5,19.0
A_Re200_medium,A,200.0,65,129,rk4,0.7,0.9411007797668685,110,0.008739849505673858,0.6220222648017573,1.3506580858885668,0.17836673813616633,0.07272406612596055,0.0673803709625861,0.13151112873866633,0.4644651467453944,0.6584330303856583,0.03437071998533719,0.05221203830853303,0.20395238239861962,0.9954338837171977,1.6961176122509531,0.6137203621579727,0.7359332745719561,0.0,1.6925347752073717e-36,0.008109371690873326,0.052541257233199724,1.13464793116691e-13,4.5,19.5
A_Re200_medium,A,200.0,65,129,rk4,1.0,1.3444296853812407,157,0.008739849505673858,0.5540870945588491,1.5975016393419985,0.16398849445863484,0.12492241554250193,0.12503959314526433,0.22148406014941452,0.6154663373269011,0.7552375354387959,0.030885208539764328,0.07983642749603055,0.19185643223157486,0.9941887197141069,1.707755475802271,0.6205597871798371,0.7330232901567464,0.0,1.841151891426358e-31,0.008130170524648784,0.04645128934875061,1.2856382625159313e-13,4.5,21.5
A_Re400_medium,A,400.0,65,129,rk4,0.025,0.03361074213453102,2,0.017479699011347716,0.7425946278539245,0.07919327644449868,0.21287604021140907,0.00014449136674890166,0.00010365799443868609,0.000276868765229711,0.012570591921465136,0.0,0.04468768108954323,0.00013448484679303156,0.23557742540402452,0.996989194580844,1.7374182985223363,0.6053806749268138,0.7419284795590971,0.0,0.0,0.009558697256925902,0.09906753085795736,4.676814491233472e-15,4.5,19.0
A_Re400_medium,A,400.0,65,129,rk4,0.05,0.06722148426906203,4,0.017479699011347716,0.7411772605651794,0.15682371605235082,0.21226738437606324,0.0005730878069380778,0.0004133494093043157,0.0010921617535337683,0.02452799053589622,0.020432736329606887,0.0444581721500375,0.0005303972748995813,0.2349411643015236,0.9969779449527864,1.7375210930590055,0.6054162192949162,0.7418369842207325,0.0,0.0,0.009489070751365595,0.09649160043469293,9.950373858202965e-15,4.5,19.0
A_Re400_medium,A,400.0,65,129,rk4,0.1,0.13444296853812407,8,0.017479699011347716,0.7377482372992585,0.3073443490440768,0.21102362448147038,0.0022540627537567825,0.0016449688170688496,0.004253715191233125,0.046851561301331605,0.043087537489626404,0.04400544021702647,0.002062592166427011,0.23366840992683155,0.9969513811276872,1.7206143441564883,0.6055442762998204,0.7416421780176085,0.0,0.0,0.00935373191423808,0.09180299083835299,2.2121193765656244e-14,4.5,19.0
A_Re400_medium,A,400.0,65,129,rk4,0.2,0.26888593707624814,16,0.017479699011347716,0.7286075420984712,0.5891989144853051,0.2084369752931222,0.008722076741465771,0.0065355144936855,0.016191822281833634,0.08654234720616687,0.09550284021432227,0.043123193838303576,0.007798154784978687,0.2311219142584039,0.9968818859733097,1.7186811599070106,0.6060210141928837,0.7412080168954057,0.0,5.988661315841829e-67,0.00910131412072171,0.08399918530188581,2.9976021664879227e-14,4.5,19.0
A_Re400_medium,A,400.0,65,129,rk4,0.4,0.5377718741524963,32,0.017479699011347716,0.7020766736363823,1.0758184531831783,0.20291137744077836,0.03273419609536118,0.026010210642800003,0.06076435734809748,0.16080163986646762,0.2316516651286547,0.041439636440505974,0.027853518663092703,0.22602847621181527,0.996676168718848,1.7092213476421778,0.6077942168901613,0.740183836378768,0.0,1.5218578099709672e-55,0.008674994833844565,0.07299325815033937,4.718447854656915e-14,4.5,19.0
A_Re400_medium,A,400.0,65,129,rk4,0.7,0.9411007797668685,56,0.017479699011347716,0.6462857565955158,1.6191911277817446,0.19388389358075925,0.09178981954202088,0.07967199223177023,0.17333180910567803,0.26468650837801877,0.43439611531168965,0.039081434672434516,0.07180364385649333,0.2184186583918464,0.9961932810771101,1.7053993726565853,0.6122176719912487,0.7383615720763004,0.0,6.680117575901847e-47,0.008208577653525933,0.06340179233124661,9.903189379656396e-14,4.0,19.0
A_Re400_medium,A,400.0,65,129,rk4,1.0,1.3444296853812407,80,0.017479699011347716,0.5799281154086517,2.0230899412117545,0.18413384593328166,0.1677041294888798,0.1575385320520613,0.3283898846705689,0.35858021778849986,0.5008986726643245,0.036887582593115344,0.12294663890843573,0.21090790191668127,0.9954875117195284,1.6761815830147817,0.6183033949916783,0.736370405336657,0.0,1.5160234725802382e-41,0.007901762346985468,0.057821673187438256,1.567634910770721e-13,4.5,19.5
H_Re10_medium,H,10.0,65,129,rk4,0.025,0.23244931367798868,54,0.004351977257747106,0.0806166514793386,0.009797683797469415,0.0198486764129521,0.00018009700712229756,0.00014068790918068843,0.00024233702979198785,0.7813979499992494,0.0,6.104619698235771e-05,7.677614383322205e-07,0.01191565029520889,0.9999999999971119,1.6015911422475029,0.4328502204653918,0.1812324114239334,2.0026074445931212e-14,3.9108545734393185e-55,0.010247657786215742,0.20694267712603132,2.931682674400804e-16,4.5,3.0
H_Re10_medium,H,10.0,65,129,rk4,0.05,0.46489862735597737,108,0.004351977257747106,0.06225928897033619,0.011225915290927656,0.015178413701671986,0.00045036110997197936,0.0003608115913660097,0.0005988197197146367,1.2589443966017637,2.068750216450828,4.056495986315375e-05,9.495291381440308e-07,0.009476793906567934,0.9999999999746986,1.7127123080005042,0.4358698767893553,0.19172610682232058,1.3918884663447788e-13,3.3655912599424654e-43,0.010153707042812854,0.16920273296651406,3.7990444123892075e-16,4.5,6.0
H_Re10_medium,H,10.0,65,129,rk4,0.1,0.9297972547119547,215,0.004351977257747106,0.03977806232985004,0.008533517686490782,0.009568760293407372,0.0008992381102079574,0.0006803915653895426,0.0010643009889052004,1.6684823286737303,1.4361792876664723,2.0609032935277907e-05,6.22242207709171e-07,0.006487507606337318,0.9999999997565351,1.6706315827247717,0.4445896365520261,0.21779722532254533,7.579203430938533e-13,5.281253117048654e-32,0.009753418897945173,0.12042798502857462,2.0209528495129803e-16,5.0,6.0
H_Re10_medium,H,10.0,65,129,rk4,0.2,1.8595945094239095,429,0.004351977257747106,0.02043721957065418,0.0045226435716294935,0.004910576533487855,0.0011641884450035965,0.000857354477711384,0.0012256012175665902,2.008212361966073,1.6295760141749989,7.4337480997600145e-06,2.4874531135798205e-07,0.0036622732203538165,0.9999999972115052,1.6655099696956117,0.4679895687757005,0.2685838061668626,2.7071944445496714e-12,4.0391587444908126e-22,0.008803218582687539,0.05436196319739014,2.2724877535296173e-16,5.0,9.0
H_Re10_medium,H,10.0,65,129,rk4,0.4,3.719189018847819,857,0.004351977257747106,0.0074037394906771555,0.0014914215776362823,0.0018892453344985813,0.0010134446277599947,0.0006617801455137874,0.0012711624576803033,3.640632862208553,3.283146650104032,1.8481528063616844e-06,6.997318857540389e-08,0.0016710213159052479,0.9999998981013347,1.6949946882157503,0.5225352837932798,0.35255416096990677,4.4953815582792656e-12,2.8450407321728114e-14,0.006100786076640936,0.017065449986200472,1.8149544367407344e-16,6.0,12.0
H_Re10_medium,H,10.0,65,129,rk4,0.7,6.508580782983683,1498,0.004351977257747106,0.002521734819211677,0.00044611947254776164,0.0007264961032901491,0.0007612162957863566,0.00044417529057881936,0.0011958238724248053,7.014634149260223,4.073931721079771,4.638953950102421e-07,1.8737596566791494e-08,0.0007634214090799768,0.9999504374855452,1.7278033839462654,0.6037344698826366,0.4514147393060037,8.492103046130692e-13,1.0289395654245444e-09,0.003923600701419815,0.007765181683060708,7.32920668600201e-17,7.5,15.0
H_Re10_medium,H,10.0,65,129,rk4,1.0,9.297972547119548,2139,0.004351977257747106,0.0011309232671413002,0.00018778909762689827,0.00036322528399749263,0.0006196505857314883,0.00034699922786686065,0.001344188529105613,12.134049762051738,2.1913427314361287,1.733834302161802e-07,7.109491782707656e-09,0.00043629281141270744,0.998661321118215,1.7000603031044894,0.6784071293210443,0.5325344985367766,0.0,1.3521811361958057e-07,0.0030976423943535267,0.00512016034171163,5.250249020261055e-17,9.0,18.0
H_Re25_medium,H,25.0,65,129,rk4,0.025,0.23244931367798868,22,0.010879943144367762,0.09561810242819177,0.014502274189839352,0.02370639339474778,0.0002727569410155383,0.00018219751493007188,0.0003427904163420131,0.37455500641624456,0.0,8.076653627475084e-05,1.7250191506394447e-06,0.01393633354103747,0.9999999999972585,1.57862092428794,0.4316477739375483,0.17786753946797046,2.044866848845017e-14,6.938263593297636e-72,0.010264918705740204,0.25599677212221683,4.0592529337857286e-16,4.5,3.0
H_Re25_medium,H,25.0,65,129,rk4,0.05,0.46489862735597737,44,0.010879943144367762,0.08517835853072743,0.022100802519250597,0.021029033118998966,0.0008268719133740286,0.0006173018423980621,0.0010834014879902067,0.6508535093446379,1.033644479966577,6.677327379291135e-05,3.983254507347487e-06,0.012529317138298954,0.9999999999772988,1.5942054049676038,0.4324285383337147,0.17973897436034933,1.617354602620653e-13,3.98506157459369e-59,0.010252245848417517,0.21546203748877993,4.614364446098307e-16,4.5,3.0
H_Re25_medium,H,25.0,65,129,rk4,0.1,0.9297972547119547,87,0.010879943144367762,0.06866707916941044,0.027788527453965442,0.016827194224611996,0.0020685968720084366,0.0017161288496717491,0.00287794555221954,1.1027805987628834,1.8308266201890486,4.742877696955572e-05,5.922114263140669e-06,0.010342925241082693,0.9999999998048761,1.7080369816807528,0.43464207896338025,0.18709203344268335,1.1924372081401577e-12,4.898690149272923e-47,0.010186565578919997,0.1832309254427582,8.4350929019372245e-16,4.5,5.0
H_Re25_medium,H,25.0,65,129,rk4,0.2,1.8595945094239095,173,0.010879943144367762,0.0470304477227431,0.024601876619072836,0.011394826525735084,0.004743785165572212,0.003591969573944936,0.005800690588002012,1.5664253797724272,1.437677141807718,2.6525591927333156e-05,4.7516021832010055e-06,0.007469705037939757,0.999999998191001,1.6600744916448078,0.441009871812216,0.20714031382142117,7.072091445670036e-12,1.455207513937267e-35,0.009917956144701706,0.1367675730701631,5.238864897449957e-16,4.5,7.0
H_Re25_medium,H,25.0,65,129,rk4,0.4,3.719189018847819,344,0.010879943144367762,0.02612540984292781,0.014806406559311244,0.006284247525602108,0.00699168707506756,0.005133480546104405,0.007684737987787789,1.7816453513144705,1.265017158974563,1.0744934667723837e-05,2.1637680691250725e-06,0.004501176246180029,0.9999999806582491,1.7226687514502441,0.4583928513043339,0.24907047097782328,2.922226557379317e-11,3.5201988306075295e-25,0.009245832215267421,0.07290812075481301,5.451368523257116e-16,5.0,9.0
H_Re25_medium,H,25.0,65,129,rk4,0.7,6.508580782983683,601,0.010879943144367762,0.01298644012386828,0.007033697357901956,0.003182174186103203,0.0069833225257009655,0.004886427660502839,0.008063577461020741,2.5578941056940625,1.7840979293575536,3.966474478805058e-06,8.771385017150187e-07,0.0025689991805333567,0.9999998429873418,1.7010396166439126,0.48966885367968266,0.30476490860756167,6.495858585925005e-11,4.3956876209051345e-18,0.007712699760125488,0.029599198956345985,6.92154666914746e-16,5.5,8.0
H_Re25_medium,H,25.0,65,129,rk4,1.0,9.297972547119548,858,0.010879943144367762,0.007369186598574624,0.003712734697474814,0.0018868296093130072,0.0063344675765674135,0.004134563594451689,0.007952751076842903,3.657867291629217,1.3658241457374687,1.8524238951477679e-06,4.359071093488825e-07,0.0016708702624357494,0.999999241327311,1.696058324074213,0.5227661426973104,0.3527308283989717,6.902629910575558e-11,2.4276510741242082e-14,0.006077715174854152,0.017072816447884397,2.7863995832877464e-16,6.0,12.0
H_Re50_medium,H,50.0,65,129,rk4,0.025,0.23244931367798868,11,0.021759886288735524,0.10140858391528071,0.01727868522799222,0.025203442833289826,0.0003071501865298001,0.000193497428457286,0.00038749963906724863,0.2010337185231389,0.0,8.9444379108984e-05,2.3066191101329674e-06,0.01475030348610841,0.9999999999973043,1.570127216328587,0.43136458932119137,0.17770936247092797,2.0139771126067132e-14,1.2779464623497183e-88,0.010264008301693854,0.2718808151478944,3.0097452308197603e-16,4.0,3.0
H_Re50_medium,H,50.0,65,129,rk4,0.05,0.46489862735597737,22,0.021759886288735524,0.09555403097774717,0.029003220220602303,0.023704216676631706,0.0010907527355060213,0.0007285037696813292,0.001370856443735983,0.3750322610735862,0.4498521758756683,8.076408965561793e-05,6.898390802110381e-06,0.01393561691284656,0.9999999999780683,1.5785039692243703,0.4316890308155228,0.17786579361289287,1.6359228680945193e-13,6.544888421055539e-72,0.010259725188554308,0.2560375298866785,3.863300331767919e-16,4.5,3.0
H_Re50_medium,H,50.0,65,129,rk4,0.1,0.9297972547119547,44,0.021759886288735524,0.08499084404826891,0.04409209621240684,0.021022456389121445,0.0033125640784556166,0.0024716435330697597,0.0043375763416473815,0.6534553219395262,1.0440865723898556,6.676537054218462e-05,1.5918886072300225e-05,0.01252705911717475,0.9999999998183832,1.5938392825798702,0.4325670090419746,0.1797352737268399,1.2906733874870548e-12,3.473089450137514e-59,0.010234706766536183,0.21580775661665816,9.08995101411847e-16,4.5,3.0
H_Re50_medium,H,50.0,65,129,rk4,0.2,1.8595945094239095,87,0.021759886288735524,0.06825083128564545,0.055250897064598785,0.016811453910771303,0.008281148699167755,0.006873680187863893,0.011548082867249697,1.11302453861694,1.8802522509766588,4.740999493455914e-05,2.361967850697452e-05,0.010337123524924746,0.9999999984390193,1.706462365898209,0.4350428053283431,0.18709282425654997,9.51803009177441e-12,4.0795004320374e-47,0.010137310424947522,0.18358453242450973,1.7069679003611782e-15,4.5,5.0
H_Re50_medium,H,50.0,65,129,rk4,0.4,3.719189018847819,173,0.021759886288735524,0.04644065485534747,0.04873977028103499,0.011368610310761688,0.01898941011196047,0.014340839285653753,0.023390244280805137,1.5866308938491556,1.4024713696888793,2.6503399620449308e-05,1.8861696989110407e-05,0.0074594138792080265,0.9999999855357264,1.6573438823729545,0.4419151809603266,0.20718833758520572,5.6255387242339344e-11,1.1842872532767055e-35,0.009822325197294092,0.13686248088944836,1.970645868709653e-15,4.5,7.0
H_Re50_medium,H,50.0,65,129,rk4,0.7,6.508580782983683,302,0.021759886288735524,0.02919367232998355,0.033059477862609675,0.007127637811176076,0.0270260283734398,0.02039802168324247,0.03051912673348726,1.7836067505742548,0.9425194542354187,1.3143081991919198e-05,1.0277163639878722e-05,0.005030761320235,0.9999999037111301,1.6921389665374615,0.45497750767790973,0.2390449997778878,1.812162110006771e-10,3.748046959659497e-27,0.009144609379248839,0.085777467292244,1.2559397966072083e-15,5.0,7.0
H_Re50_medium,H,50.0,65,129,rk4,1.0,9.297972547119548,431,0.021759886288735524,0.019919226605539724,0.022212995106797025,0.00487630253087604,0.029017569351660694,0.02141048184405464,0.03121479358443696,2.039522904829248,0.7891672498829683,7.442984352611764e-06,6.116226791723322e-06,0.0036522644744542217,0.9999996542251198,1.643291798893062,0.46981117863499827,0.26895677444764593,3.212420400102509e-10,2.825443474493421e-22,0.008616317711144772,0.05412867642086726,1.6896206656014101e-15,5.0,9.0
H_Re100_medium,H,100.0,65,129,rk4,0.025,0.23244931367798868,6,0.04351977257747105,0.10443254956796612,0.018906741644011054,0.025987225523709113,0.00032702770812477233,0.00020098085510033935,0.000415760912845131,0.10455738282810584,0.0,9.434254550164863e-05,2.6795563730673173e-06,0.015191802166619542,0.9999999999973264,1.565695787294413,0.4312469530963299,0.1778903882000784,1.9944489219190093e-14,0.0,0.010262174487493555,0.2805136475814113,3.8337388819087437e-16,4.0,3.0
H_Re100_medium,H,100.0,65,129,rk4,0.05,0.46489862735597737,12,0.04351977257747105,0.10133347356438004,0.03455634241304986,0.025200925331098616,0.001228226479386946,0.0007736019261207488,0.0015496050014877007,0.20132750660300883,0.2109815349708809,8.944170944426572e-05,9.224115577258898e-06,0.014749491050944096,0.9999999999784324,1.569997192675157,0.43140979376113314,0.17770711944466197,1.6087941621041765e-13,5.490160480881265e-88,0.01025837819355285,0.27193268556629335,8.968520370800093e-16,4.5,3.0
H_Re100_medium,H,100.0,65,129,rk4,0.1,0.9297972547119547,23,0.04351977257747105,0.09529835110777098,0.0579956541738009,0.023695492835193614,0.004358625708678122,0.0029094542275243753,0.0054784962682384655,0.376944163000978,0.45551274779575335,8.075431650405901e-05,2.7566633089339348e-05,0.013932758991061353,0.9999999998245358,1.5780384490690373,0.43185377003574876,0.17785920502485458,1.3088305882739471e-12,5.644772538975863e-72,0.01023897171892153,0.2562003257037785,1.4988010832439613e-15,4.5,2.0
H_Re100_medium,H,100.0,65,129,rk4,0.2,1.8595945094239095,45,0.04351977257747105,0.08424660661887419,0.08731226092979422,0.02099598862086034,0.013332002534571218,0.009926060831013302,0.017412404850258887,0.6639806431481289,1.0885981264597377,6.673387993411085e-05,6.3450621127566e-05,0.01251809178214067,0.9999999985468864,1.5923981140399666,0.4331183468013113,0.17972344377331018,1.0241619658201364e-11,2.7653211889824808e-59,0.01016477897997484,0.21719380279409384,1.321859288694327e-15,4.5,3.0
H_Re100_medium,H,100.0,65,129,rk4,0.4,3.719189018847819,88,0.04351977257747105,0.06662139507843473,0.10792318501875833,0.016747539326981534,0.03323921964416804,0.027649355069310714,0.04674777739333459,1.1550247262537419,2.093906207239615,4.733561641249619e-05,9.339506210428356e-05,0.010314300978473906,0.9999999875132373,1.7003325067073733,0.4366272024117609,0.187115479636568,7.311759852435011e-11,3.0804717523555656e-47,0.009942003498622341,0.1850149289301118,2.217843964036348e-15,4.5,5.0
H_Re100_medium,H,100.0,65,129,rk4,0.7,6.508580782983683,153,0.04351977257747105,0.04864776466136097,0.0998155914544781,0.012367330899620093,0.06712079694990565,0.05105873891841923,0.08627664818231087,1.585922129674972,1.0234930564583677,3.0240107652096407e-05,8.078295076406742e-05,0.008008754435461828,0.9999999253951942,1.6398028287160349,0.44311699022788337,0.20209564627021312,3.0758797436494e-10,6.313284645303633e-38,0.009567371632188687,0.14727211119821237,3.641184576075318e-15,4.5,6.0
H_Re100_medium,H,100.0,65,129,rk4,1.0,9.297972547119548,218,0.04351977257747105,0.03682856600897894,0.08104840754918873,0.009419348348877204,0.09021062149900726,0.06716845549849579,0.11171436617649792,1.7754970939231192,0.5012564611743848,2.0518830734555188e-05,5.920530397978343e-05,0.006431427323402019,0.9999997579535257,1.6545899917821907,0.45021300715971946,0.21838450918781493,6.854089693228315e-10,2.7382156169277375e-32,0.009209857584263032,0.1199004482153193,5.925815393936773e-15,4.5,6.0
H_Re200_medium,H,200.0,65,129,rk4,0.025,0.23244931367798868,3,0.0870395451549421,0.10597012991899116,0.019789923818643994,0.0263863328446534,0.00033776324396052126,0.00020500226810951828,0.00043180142382307955,0.05338135142832587,0.0,9.695730680585789e-05,2.891731991135532e-06,0.015422389197373963,0.9999999999973372,1.5634310291931266,0.4311943114861078,0.1780563135235525,1.9863063279024208e-14,0.0,0.010260877591709516,0.28501572394611824,2.2724877535296173e-16,4.0,3.0
H_Re200_medium,H,200.0,65,129,rk4,0.05,0.46489862735597737,6,0.0870395451549421,0.10435117552848384,0.037812846809759104,0.0259845171663389,0.001307669166627239,0.0008034735481509617,0.001662599467931596,0.10472149773704874,0.0986287931586487,9.433977464505574e-05,1.0715420837387887e-05,0.015190934970203086,0.9999999999786096,1.5655593222133863,0.43129432990852284,0.17788785534400572,1.5956024175907903e-13,0.0,0.010256319674157586,0.28057233882031396,8.45189803561075e-16,4.0,3.0
H_Re200_medium,H,200.0,65,129,rk4,0.1,0.9297972547119547,12,0.0870395451549421,0.1010338171481984,0.0691042128953392,0.025190833182422753,0.004906939834385848,0.003088218797395768,0.006192058472079006,0.20250474403363605,0.21154893981790365,8.943104890542193e-05,3.685875484688808e-05,0.014746253018768191,0.9999999998274448,1.5694798826812086,0.4315902454744271,0.1776986199847419,1.287154764281106e-12,9.188839314889047e-88,0.01023588212448503,0.2721398520588136,9.957312752106873e-16,4.5,3.0
H_Re200_medium,H,200.0,65,129,rk4,0.2,1.8595945094239095,23,0.0870395451549421,0.09428523631512908,0.11589989313625029,0.023660327760640667,0.017365303143700585,0.011566099929162256,0.02183215640476961,0.38463768831102296,0.47948842001481007,8.071543613290425e-05,0.00010983836466145731,0.01392143311987251,0.9999999985959487,1.5762106188101772,0.43250900932789754,0.17783669019716644,1.0426541415577137e-11,4.522612940113835e-72,0.010156281780080822,0.2568477404578633,1.366962099069724e-15,4.5,2.0
H_Re200_medium,H,200.0,65,129,rk4,0.4,3.719189018847819,45,0.0870395451549421,0.08136000053988086,0.1677800495959924,0.0208876020543476,0.05467018792220369,0.04036897617644255,0.07054843384491542,0.7148749962746663,1.3690048857968913,6.660984726490147e-05,0.00025027802943246064,0.012483068510801333,0.9999999883706319,1.5869852255859236,0.4352893485974093,0.17970543169357728,8.057701497266438e-11,1.9909221689875153e-59,0.009888527562648903,0.22278824624415963,3.164135620181696e-15,4.5,2.0
H_Re200_medium,H,200.0,65,129,rk4,0.7,6.508580782983683,78,0.0870395451549421,0.06512997482173692,0.19510772153966915,0.01745358707152426,0.11625732640181949,0.09503067237650806,0.1570837715912987,1.1602016731825708,2.157081740093182,5.1124735608811854e-05,0.0003497905881671691,0.010728082109450775,0.9999999343015922,1.6721535260361418,0.4407427582294524,0.1851245511565249,3.729275402488343e-10,1.1157343646547548e-49,0.00936476430609098,0.19843199027143635,4.545897078905847e-15,4.5,4.0
H_Re200_medium,H,200.0,65,129,rk4,1.0,9.297972547119548,111,0.0870395451549421,0.052825844799140965,0.19201906327939153,0.014736546768250902,0.18482490996022763,0.1526261755983633,0.2405540762202514,1.4884782543002495,0.6357614932388406,4.012057555393524e-05,0.00034928376588247624,0.009331793385108594,0.9999997982330826,1.6384503902474858,0.4467275224541289,0.19237831260925173,9.409072714934749e-10,1.247857789453358e-43,0.008837798418701194,0.17619990037929847,5.689893001203927e-15,4.5,5.0
H_Re400_medium,H,400.0,65,129,rk4,0.025,0.23244931367798868,2,0.1740790903098842,0.10674408682633109,0.020250099420351917,0.02658738713773871,0.0003433477168931632,0.00020708655126889676,0.00044036897579041544,0.026979303805855885,0.0,9.831019333754213e-05,3.0050518166841963e-06,0.015540328125129727,0.9999999999973425,1.5622858975859397,0.4311695576455386,0.17815957885898115,1.9822587103807228e-14,0.0,0.0102601265062327,0.28731479678835753,2.295872813258933e-16,4.0,3.0
H_Re400_medium,H,400.0,65,129,rk4,0.05,0.46489862735597737,4,0.1740790903098842,0.10588542287267408,0.03957949745930688,0.026383523932653963,0.0013505717149774686,0.0008195234075999698,0.001726734924492778,0.05346825703622349,0.04777557064324893,9.695448927407662e-05,1.1563867916762045e-05,0.015421492632653253,0.9999999999786966,1.5632914087769296,0.43124282811261605,0.17805362499986682,1.5890912344126805e-13,0.0,0.010254909256926455,0.28507820052439997,7.632783294297951e-16,4.0,3.0
H_Re400_medium,H,400.0,65,129,rk4,0.1,0.9297972547119547,7,0.1740790903098842,0.10402657446573463,0.07562029030362588,0.025973658399623286,0.005223637288767229,0.0032067108455874024,0.006643214100298347,0.10537922515145157,0.09892378180631037,9.432871257588791e-05,4.281689214033164e-05,0.015187480165176483,0.9999999998288583,1.5650165159971847,0.43148341511758953,0.17787825006184346,1.2766177558181158e-12,0.0,0.010232926814900914,0.2808067343965408,1.2513861474827692e-15,4.0,3.0
H_Re400_medium,H,400.0,65,129,rk4,0.2,1.8595945094239095,13,0.1740790903098842,0.09984762158795474,0.13813276813287345,0.025150112861136616,0.019533710307638716,0.01225484163999313,0.024662286524739292,0.2072469253716829,0.21418208716353604,8.938869525663118e-05,0.00014683591420880545,0.014733440327424751,0.9999999986191156,1.5674526042641292,0.43230745961305483,0.1776690610708613,1.0278790109109235e-11,1.626611501402762e-87,0.010146280132057522,0.27296346352063466,3.469446951953614e-15,4.5,3.0
H_Re400_medium,H,400.0,65,129,rk4,0.4,3.719189018847819,24,0.1740790903098842,0.09038087946022236,0.2309076939905584,0.023515466466016464,0.06841368935942027,0.04519407611692801,0.08582616088370429,0.41613149562145385,0.5620972499213199,8.056325050205736e-05,0.0004326718100398849,0.013877469550428755,0.9999999887586559,1.569420474481919,0.4350808683824849,0.1777832545902937,7.978338671460743e-11,3.206340903793494e-72,0.00983035687560842,0.2593765538476893,4.218847493575595e-15,4.5,2.0
H_Re400_medium,H,400.0,65,129,rk4,0.7,6.508580782983683,41,0.1740790903098842,0.07571970468706414,0.30947490506426045,0.021164249818649405,0.17341635068230593,0.12255640170398734,0.21617222868017333,0.7723922912464042,1.3979466846124597,6.94072932510561e-05,0.000843077186435889,0.0127125474096479,0.9999999381705329,1.5449893943962631,0.4411679216975207,0.17915470448548926,3.919086905887404e-10,5.7024053179488485e-62,0.00910953084859674,0.24216723050349828,5.10702591327572e-15,4.5,4.0
H_Re400_medium,H,400.0,65,129,rk4,1.0,9.297972547119548,58,0.1740790903098842,0.06254942230541112,0.3393874594187433,0.019179762192717647,0.29754947766398504,0.21982633032546967,0.40105697423998443,1.1298917504178103,1.2374585179448299,6.018959844793639e-05,0.001105783311742519,0.011676881778788346,0.9999998152319983,1.6268819162475034,0.4485072394654252,0.18176518403729233,9.987876108345863e-10,1.1130204192783956e-55,0.008228531252618076,0.22682092038735507,8.590350653037149e-15,4.5,5.0
H_Re400_coarse,H,400.0,49,97,rk4,0.025,0.24191552434484576,1,0.3220768815242031,0.10264641915186608,0.01694597094227581,0.025565692149974714,0.00030492636172028704,0.00018634167923041697,0.00042648300545255227,0.019988423530142622,0.0,9.803119614696393e-05,2.4720053942379977e-06,0.015587944217572973,0.99999999999701,1.5713066851185369,0.43117029686051994,0.1787642912710789,2.1651544830859353e-14,0.0,0.017441954299477196,0.3586546970158643,1.9114484300919443e-16,3.0,2.0
H_Re400_coarse,H,400.0,49,97,rk4,0.05,0.4838310486896915,2,0.3220768815242031,0.10190960197197137,0.03333296170513293,0.02538853176588043,0.0012013470516281097,0.000736120566344398,0.0016754407427946804,0.039715609017980116,0.03607478680610523,9.666930458946097e-05,9.550828524083693e-06,0.01546787692826114,0.9999999999760283,1.5723646065844035,0.43124331934010274,0.17859631287044297,1.7404835301511103e-13,0.0,0.01743536732507633,0.35676681608288713,2.763901726464182e-16,3.0,2.0
H_Re400_coarse,H,400.0,49,97,rk4,0.1,0.967662097379383,4,0.3220768815242031,0.10032232678674718,0.06441486042166937,0.025031985258302764,0.0046650283808082876,0.002872639175725794,0.006470645452336897,0.07863432024175795,0.07554208496919104,9.402876568097586e-05,3.563868767439035e-05,0.01523121060430114,0.9999999998073997,1.5741519136378808,0.4314807410996175,0.17829613146877576,1.3984003839361935e-12,0.0,0.017408871323010944,0.353342062413024,7.147060721024445e-16,3.0,2.0
H_Re400_coarse,H,400.0,49,97,rk4,0.2,1.935324194758766,8,0.3220768815242031,0.0967645129493971,0.11979065414971507,0.024312775066785433,0.017636495703476095,0.010956247172255414,0.024214022152235868,0.15582005092966486,0.1772915517285499,8.9054909862303e-05,0.00012401895938302798,0.014771426292194393,0.9999999984454322,1.576542024050828,0.43228996151136856,0.17783823501187201,1.1256988788828259e-11,3.264212564297733e-76,0.0173068940385458,0.3477397802788246,1.4710455076283324e-15,3.5,2.0
H_Re400_coarse,H,400.0,49,97,rk4,0.4,3.870648389517532,15,0.3220768815242031,0.08863592232423122,0.20429586491904891,0.022867693219770564,0.06371294227849857,0.04017068492681247,0.08573620129572582,0.31952016662179955,0.4685965373473415,8.016872896204297e-05,0.0003752482839778638,0.013903831785186213,0.9999999873321086,1.577702465968566,0.4350160801816659,0.1774811930780367,8.754128595170352e-11,2.266422670931281e-58,0.01694034171665642,0.34297874511367427,3.1363800445660672e-15,3.5,2.0
H_Re400_coarse,H,400.0,49,97,rk4,0.7,6.773634681655681,25,0.3220768815242031,0.07565749762084328,0.2849473999667646,0.020737027305671105,0.16530258125829062,0.10632360012164818,0.22233834722119608,0.6055211005371479,0.9921599557434368,6.897382351165906e-05,0.0007571712207952738,0.012724125093833472,0.9999999302050112,1.5764308849110464,0.4410385579017122,0.17826090560265323,4.373633144161399e-10,1.7464932923443016e-50,0.016109661674746336,0.3537531318573944,2.9906632725840154e-15,3.5,3.0
H_Re400_coarse,H,400.0,49,97,rk4,1.0,9.67662097379383,35,0.3220768815242031,0.06346998111091585,0.32784547428391064,0.018708821519194504,0.28450738532903963,0.18710375566430276,0.3858618137928463,0.9543053603335292,1.4647228276234319,5.977536502234984e-05,0.0010240367515211928,0.011677916359671199,0.9999997911211945,1.5762063539260736,0.44835595791035676,0.18043885440829865,1.1304361311830898e-09,9.318958930190538e-46,0.01509309011207855,0.35552867107318153,6.716849298982197e-15,3.5,4.0
H_Re400_fine,H,400.0,97,193,rk4,0.025,0.23112287909388998,4,0.07692699378125041,0.10724301471262948,0.026750153691363025,0.02671306021250073,0.00037432021864025166,0.00022889977050340418,0.0006661450974657792,0.03241592035875556,0.0,9.830680866326782e-05,3.714050199369591e-06,0.015542075839899966,0.9999999999973569,1.6429157629627336,0.43116993693022926,0.1783950361801396,1.9539560846795126e-14,0.0,0.004697985145307457,0.15798037939311238,8.118505867571457e-16,6.5,7.0
H_Re400_fine,H,400.0,97,193,rk4,0.05,0.46224575818777996,8,0.07692699378125041,0.10625551788620949,0.05189011699743604,0.026481340858732594,0.00147057730767052,0.0009066385087696037,0.0025979414588602895,0.06323205689581783,0.06471717479895628,9.68878432151896e-05,1.423355601506967e-05,0.015418754783072936,0.9999999999788161,1.644132420137205,0.4312461216684219,0.17819601768800442,1.5660899038691504e-13,0.0,0.004694296549851039,0.15379367074726882,2.5431046157819992e-15,6.5,7.0
H_Re400_fine,H,400.0,97,193,rk4,0.1,0.9244915163755599,15,0.07692699378125041,0.10411346351809789,0.09760954337933504,0.02601681370986739,0.005681170119764863,0.0035598895802438687,0.009900373851544573,0.120716728271641,0.13785351842300303,9.416141482194473e-05,5.228229123642327e-05,0.015176802006903283,0.9999999998298786,1.6460737127390277,0.43149961570062023,0.17786719242804008,1.2677692118816658e-12,0.0,0.004678737060788583,0.14593704996712567,2.7590776885411117e-15,7.0,7.0
H_Re400_fine,H,400.0,97,193,rk4,0.2,1.8489830327511199,28,0.07692699378125041,0.09930555040914506,0.1726447592886274,0.025090439226424375,0.021285649370866504,0.013764116339518738,0.03623290581759236,0.22958645084674772,0.3151308245066401,8.908970644971535e-05,0.0001766106741053039,0.014710065313285956,0.9999999986281769,1.6482213179372167,0.4323739282216226,0.17745037695904148,1.0134630520676522e-11,7.33341316335242e-117,0.004616975202891975,0.13500578685858916,5.773159728050814e-15,7.0,7.0
H_Re400_fine,H,400.0,97,193,rk4,0.4,3.6979660655022397,53,0.07692699378125041,0.08858571413130802,0.27036996803753144,0.023287154503196964,0.07569898096010241,0.05178977703253985,0.12461263609207106,0.4825278668712804,0.7646489195321703,8.013758445789345e-05,0.0005064575410127927,0.013836827629491769,0.999999988844164,1.6350980289674995,0.4353154601223307,0.17739061257351577,7.89513700904386e-11,2.175738902594615e-96,0.004390765590955354,0.13053942706602106,1.1587952819525071e-14,7.0,7.0
H_Re400_fine,H,400.0,97,193,rk4,0.7,6.471440614628919,90,0.07692699378125041,0.07369310826600776,0.3338333128050366,0.020901610676018232,0.1972612859520442,0.14453767732976308,0.29175298265918204,0.8205538450304856,1.6305880493330098,6.890447716074034e-05,0.0009526130338674394,0.012656595061347531,0.9999999387326933,1.5818584288320394,0.4417223995335014,0.178783400031628,3.857484925998533e-10,2.62932724647765e-81,0.0041138007469531555,0.11924141733549122,2.070565940925917e-14,7.0,6.0
H_Re400_fine,H,400.0,97,193,rk4,1.0,9.244915163755598,127,0.07692699378125041,0.0610840860794309,0.3513560065016358,0.01880827630354923,0.3400554658519588,0.26351558122488344,0.5047958369790144,1.0964527144778662,1.2494631425989409,5.964233541384412e-05,0.0012117729083753696,0.011611679509801845,0.999999817149188,1.5791006407607913,0.4493714744691331,0.1815421259517468,9.797450643372506e-10,5.810417951467494e-72,0.0038214285669333765,0.10767919515167702,1.6611712005953905e-14,6.5,7.0
H_Re400_ultra,H,400.0,145,289,rk4,0.025,0.23108168107946234,7,0.034183680633056525,0.10733872859595268,0.03113533419942791,0.026737110859758047,0.0004686146581859646,0.00021820307164865317,0.0007655621705696838,0.04299627547887597,0.0,9.83008973534456e-05,4.130435043069782e-06,0.015539884448152089,0.9999999999973455,1.6230356467587974,0.43117013573622615,0.17836593881971438,1.9623723853655742e-14,0.0,0.002112882584009893,0.09712727230961854,3.462508058049707e-15,10.0,10.0
H_Re400_ultra,H,400.0,145,289,rk4,0.05,0.4621633621589247,14,0.034183680633056525,0.106422918092839,0.060119120015402684,0.02652391816073344,0.0018164846991117055,0.0008606281257987135,0.0029426188078269092,0.08326505568305602,0.07485335031847151,9.686106801986312e-05,1.5778570930438092e-05,0.015415238006944514,0.9999999999787266,1.6241782993065665,0.4312477416668859,0.1781474311346036,1.5759490267867216e-13,0.0,0.0021115806616213554,0.0943214753632563,5.752343046339092e-15,10.0,10.0
H_Re400_ultra,H,400.0,145,289,rk4,0.1,0.9243267243178493,28,0.034183680633056525,0.10440917397617161,0.11210484828775899,0.026093907160817408,0.006852535159238052,0.0033532503837028493,0.010943610420922928,0.15683145655603864,0.15895977244083842,9.410429014962666e-05,5.76245155397054e-05,0.015170889843940704,0.9999999998291894,1.6169959918826151,0.43150758357066754,0.17778784607547563,1.2705734646107192e-12,1.436299955511336e-190,0.0021056990291762083,0.08884867954748585,9.402201239794294e-15,10.0,11.0
H_Re400_ultra,H,400.0,145,289,rk4,0.2,1.8486534486356987,56,0.034183680633056525,0.09979697730626981,0.19525439717765855,0.025224981632597104,0.02471785705027634,0.013313455389727292,0.03866340235237582,0.28294910469094103,0.36046859033346834,8.899692623300905e-05,0.00019279662760694218,0.014700246842818569,0.9999999986229343,1.6280404481744282,0.43240694220274595,0.17733470638117735,1.0180886008248443e-11,2.170736840834689e-155,0.0020812592883081306,0.07898419701191016,1.6056600493641326e-14,10.5,11.0
H_Re400_ultra,H,400.0,145,289,rk4,0.4,3.6973068972713974,111,0.034183680633056525,0.0892682904177369,0.29874526378454996,0.023519513422050775,0.08349060457288704,0.052431698555766036,0.12772154879080017,0.48756485929995563,0.86007879519565,8.001264982832625e-05,0.0005447581149943969,0.013821606558035928,0.9999999888062227,1.6254270532704072,0.4354329530217577,0.17726267956548,7.944941091766643e-11,1.494492523071003e-126,0.001987958751694947,0.06423454424856578,3.1530333899354446e-14,10.0,10.0
H_Re400_ultra,H,400.0,145,289,rk4,0.7,6.470287070224945,193,0.034183680633056525,0.07336668663090276,0.35746396876293257,0.021134913924350473,0.20928641698640676,0.1508426451044332,0.3186202253428496,0.8662557969094655,1.828172312582914,6.875502795982471e-05,0.0010074305722579777,0.01263628182809984,0.999999938565168,1.597340194243813,0.4420020792110335,0.17870587527767928,3.859082641503022e-10,2.2901338576606138e-104,0.0017725806343598027,0.055394035192677764,3.933658954125008e-14,10.0,10.0
H_Re400_ultra,H,400.0,145,289,rk4,1.0,9.243267243178494,275,0.034183680633056525,0.06039675485855451,0.35828843131344823,0.01902223356003204,0.3612664169314838,0.2856201138682865,0.4890921609154477,1.1083468347271261,1.2485341437524424,5.947069634509527e-05,0.0012639302281150316,0.011587838550223039,0.9999998167513723,1.5620549944347077,0.44981167226703983,0.1815446978162395,9.730562856587154e-10,1.0811407699692833e-90,0.0016469565571435843,0.04936632164267308,4.973799150320701e-14,10.0,11.0
H_Re400_ultra,H,400.0,145,289,ssprk3,0.025,0.23108168107946234,7,0.034183680633056525,0.10733872858898269,0.031135332905614828,0.026737110859535684,0.0004686234499310669,0.00021821926441902974,0.000765562461285715,0.04299625826308563,0.0,9.830089733415706e-05,4.130435059084936e-06,0.015539884448345436,0.9999999999973457,1.6230356467070146,0.43117013572806817,0.17836593878784274,1.962372406184112e-14,0.0,0.0021128825400184487,0.09712723577992133,1.762479051592436e-15,10.0,10.0
H_Re400_ultra,H,400.0,145,289,ssprk3,0.05,0.4621633621589247,14,0.034183680633056525,0.10642291808550279,0.060119118900893234,0.026523918160649123,0.0018164916002989739,0.0008606433346462339,0.0029426197158982513,0.08326503465294259,0.0748533332117395,9.686106799475802e-05,1.577857099564823e-05,0.015415238007266617,0.9999999999787266,1.6241782992642884,0.4312477416504669,0.17814743108119183,1.5759490411065844e-13,0.0,0.0021115806183746697,0.09432145468596843,7.126244039312724e-15,10.0,10.0
H_Re400_ultra,H,400.0,145,289,ssprk3,0.1,0.9243267243178493,28,0.034183680633056525,0.10440917398683255,0.11210484921887712,0.026093907163131418,0.00685253957730513,0.003353263739103351,0.010943612708985959,0.15683144621704173,0.15895977160386,9.410429012720621e-05,5.762451578628728e-05,0.015170889844461759,0.9999999998291894,1.616995991839515,0.43150758353775187,0.17778784599788577,1.270573473669777e-12,0.0,0.002105698986201809,0.0888486770360424,8.923417560424696e-15,10.0,11.0
H_Re400_ultra,H,400.0,145,289,ssprk3,0.2,1.8486534486356987,56,0.034183680633056525,0.09979697741127352,0.19525440184868886,0.025224981647150216,0.024717859247819624,0.013313471345532013,0.03866340623603577,0.2829491264587638,0.36046864788694,8.899692622555512e-05,0.00019279662839501751,0.014700246843738935,0.9999999986229344,1.6280404484283388,0.4324069421403581,0.17733470629392098,1.0180886059069346e-11,6.308694572549185e-158,0.0020812592485558693,0.0789842050834155,1.1601830607332886e-14,10.5,11.0
H_Re400_ultra,H,400.0,145,289,ssprk3,0.4,3.6973068972713974,111,0.034183680633056525,0.08926829070479449,0.29874526869392704,0.0235195134524358,0.08349060563069899,0.05243170632490837,0.1277215527351065,0.4875648962248621,0.8600788574825337,8.001264984006192e-05,0.0005447581171179206,0.013821606559677487,0.9999999888062225,1.6254270539377642,0.43543295291976003,0.17726267949798846,7.944941116780659e-11,5.0438497175457244e-127,0.001987958727832146,0.06423454907749009,2.2010171463193728e-14,10.0,10.0
H_Re400_ultra,H,400.0,145,289,ssprk3,0.7,6.470287070224945,193,0.034183680633056525,0.07336668691703276,0.3574639712657595,0.021134913945951146,0.2092864167564093,0.1508426463060983,0.3186202295240593,0.8662558129790348,1.8281721465982161,6.875502798236319e-05,0.0010074305764819467,0.012636281830231832,0.999999938565168,1.5973401950657733,0.44200207908256806,0.17870587523694068,3.8590826498472077e-10,1.80235956281385e-104,0.0017725806319890056,0.05539403604738911,4.3798298321462426e-14,10.0,10.0
H_Re400_ultra,H,400.0,145,289,ssprk3,1.0,9.243267243178494,275,0.034183680633056525,0.060396755057364915,0.35828843289483,0.01902223356819238,0.3612664154684816,0.28562011198651344,0.48909216411951334,1.1083468444018134,1.2485341358586006,5.947069636971847e-05,0.0012639302336487869,0.011587838552371632,0.999999816751372,1.5620549953943679,0.44981167213369144,0.18154469779096477,9.730562874187142e-10,9.957899957106164e-91,0.0016469565565173775,0.049366322073170606,4.729550084903167e-14,10.0,11.0
H_Re400_ultra,H,400.0,145,289,rk4,0.025,0.23108168107946234,14,0.034183680633056525,0.10733872859588298,0.031135334173750178,0.02673711085975253,0.0004686146271063901,0.0002182030961684089,0.000765562172726418,0.04299627520825484,0.0,9.830089735332841e-05,4.130435043074831e-06,0.015539884448153506,0.9999999999973457,1.6230356467578435,0.4311701357362222,0.17836593881959953,1.9623723853197455e-14,0.0,0.0021128825839477504,0.09712727172568911,1.999741384273389e-15,10.0,10.0
H_Re400_ultra,H,400.0,145,289,rk4,0.05,0.4621633621589247,28,0.034183680633056525,0.10642291809270876,0.06011911998146524,0.026523918160715993,0.001816484665859149,0.0008606281542829029,0.0029426188144850984,0.08326505529756884,0.0748533500908615,9.686106801971511e-05,1.5778570930511927e-05,0.015415238006946306,0.9999999999787267,1.6241782993053617,0.4312477416668766,0.17814743113441567,1.575949026752511e-13,1.8904715151730793e-219,0.002111580661576708,0.0943214749615601,7.022160630754115e-15,10.0,10.0
H_Re400_ultra,H,400.0,145,289,rk4,0.1,0.9243267243178493,56,0.034183680633056525,0.10440917397591622,0.11210484826084054,0.026093907160771587,0.006852535123425094,0.0033532504138708437,0.010943610437290915,0.15683145617580388,0.15895977230954372,9.410429014949452e-05,5.76245155401244e-05,0.015170889843942048,0.9999999998291896,1.616995991881368,0.4315075835706473,0.17778784607521617,1.270573464586946e-12,6.425468701455568e-184,0.002105699029135342,0.0888486793670397,1.5903944827755367e-14,10.0,11.0
H_Re400_ultra,H,400.0,145,289,rk4,0.2,1.8486534486356987,111,0.034183680633056525,0.09979697730598762,0.19525439718145493,0.025224981632539906,0.024717857018165194,0.01331345542826609,0.038663402377905574,0.28294910457435846,0.3604685907062516,8.899692623293565e-05,0.000192796627608217,0.014700246842818518,0.9999999986229342,1.6280404481745405,0.43240694220271064,0.17733470638091853,1.0180886008103884e-11,1.214980107636764e-154,0.0020812592882575435,0.07898419700085456,2.167710455580618e-14,10.5,11.0
H_Re400_ultra,H,400.0,145,289,rk4,0.4,3.6973068972713974,220,0.034183680633056525,0.08926829041799089,0.2987452638038714,0.023519513422080054,0.08349060455625897,0.05243169857406121,0.12772154881090467,0.4875648594246189,0.8600787960694648,8.00126498282975e-05,0.0005447581149964024,0.013821606558035021,0.9999999888062227,1.6254270532711619,0.4354329530217154,0.17726267956532002,7.944941091689955e-11,1.7794456593608267e-126,0.0019879587516522168,0.06423454426790867,2.7422508708241367e-14,10.0,10.0
H_Re400_ultra,H,400.0,145,289,rk4,0.7,6.470287070224945,383,0.034183680633056525,0.07336668663132448,0.35746396877138176,0.02113491392439731,0.20928641698163794,0.15084264510961073,0.31862022535562456,0.8662557969471646,1.8281723117715154,6.875502795981171e-05,0.001007430572260077,0.012636281828099059,0.9999999385651682,1.5973401942443926,0.44200207921099693,0.1787058752776049,3.8590826414766083e-10,2.339362261868536e-104,0.0017725806343491617,0.055394035193679844,4.7628567756419216e-14,10.0,10.0
H_Re400_ultra,H,400.0,145,289,rk4,1.0,9.243267243178494,546,0.034183680633056525,0.06039675485875636,0.35828843131650623,0.019022233560049156,0.36126641693065775,0.28562011386999475,0.4890921609275063,1.1083468347645273,1.2485341437105026,5.947069634508751e-05,0.0012639302281170308,0.011587838550222409,0.9999998167513722,1.5620549944353317,0.4498116722670104,0.18154469781620208,9.73056285653412e-10,1.0864364304031447e-90,0.0016469565571363893,0.049366321643716835,6.201983371312281e-14,10.0,11.0
