family,family_parameter,gamma,relative_width_fraction,base_scale,width,half_width,realized_width_over_scale,width_source,support_mode_count,effective_mode_count,angle_sine,measurement_available,measurement_method,local_fft_input_side_length,local_fft_padded_side_length,local_fft_zero_padding_alias_free,local_fft_global_overlap_aware,local_fft_estimated_peak_working_bytes,local_fft_maximum_working_bytes,targets_per_band,parent_boxes_disjoint,child_band_isolated,channel_bands_disjoint,full_output_bands_disjoint,critical_energy,parent_norm_squared,parent_min_wavenumber,parent_rms_wavenumber,parent_max_wavenumber,a_critical,a_unit,chi_support,chi_effective,gain_g,heat_factor_h,duhamel_amplitude_ratio,duhamel_energy_ratio,duhamel_identity_rhs,duhamel_identity_relative_error,duhamel_upper_bound_method,support_radius_factor_kappa,universal_duhamel_upper_bound,effective_duhamel_upper_bound,duhamel_to_universal_upper_bound,duhamel_to_effective_upper_bound,required_energy_constant_for_target,forcing_metric_method,child_forcing_fraction,low_side_forcing_ratio,off_chain_main_ratio,difference_sideband_main_ratio,self_interaction_cross_interaction_ratio,energy_cancellation_available,energy_cancellation_method,energy_cancellation_residual,energy_cancellation_pairing,full_nonlinear_norm,normalization_relative_error,divergence_relative,reality_relative,channel_ratios_are_orthogonal,channel_norms_json,channel_ratios_json,box_overlap_counts_json,predicted_a_unit_exponent,predicted_a_critical_exponent,predicted_g_exponent,predicted_duhamel_exponent,predicted_g_grows,predicted_duhamel_decays,finite_screen_pass,asymptotic_screen_pass,finite_screen_reasons,asymptotic_screen_reasons,core_fit_eligible,relay_fit_eligible
power_width,0.7,0.7,,8,4,3,0.5,power_floor,1372,787.8106686701726,0.8660254037844384,True,exact-zero-padded-local-fft-global-combination,7,13,True,True,1511536,1000000000,2197,True,False,True,False,0.125,0.25,7.0710678118654755,11.516786167866607,15.84297951775486,6.587626058392303,26.35050423356921,0.08892459326936068,0.1173513295133821,0.4117266286495189,0.8595215105307885,0.19085666704819496,0.03642626735674554,0.03642626735674554,0.0,phase-independent-bernstein-heat-support-and-effective-count,1.9803724397193574,21.018798828125,12.069120961682943,0.001733032779589859,0.003018137565477361,13.726358374938142,exact-local-fft-full-global-overlap-aware-with-self-cross-decomposition,0.8123408340422156,0.1726364413359536,0.4806353934871049,0.3383701018698634,0.15283417696695695,True,exact-zero-padded-local-fft-full-pairing,8.80752935353243e-19,-3.2187251995663413e-18,7.309030876577003,0.0,1.15774862791285e-17,0.0,False,"{""child"":6.587626058392303,""child_spill"":1.9915658435139671,""difference"":1.9462151170177762,""difference_spill"":1.0867088083011114,""harmonic"":0.027106610051955447,""low"":0.9975242146775736,""low_spill"":0.5461827292265562,""same_carrier_spill"":1.7935964313725297}","{""child"":0.7634513923661499,""child_spill"":0.0697770898169702,""difference"":0.0666354288422089,""difference_spill"":0.020775423637921262,""harmonic"":1.2926291047937976e-05,""low"":0.017505334249664578,""low_spill"":0.005248067840152586,""off_child"":0.2365486076338501,""same_carrier_spill"":0.05659433695588461}","{""full_child+|full_harmonic_p+"":325,""full_child+|full_harmonic_q+"":325,""full_child+|parent_p+"":28,""full_child+|parent_q+"":28,""full_child-|full_harmonic_p-"":325,""full_child-|full_harmonic_q-"":325,""full_child-|parent_p-"":28,""full_child-|parent_q-"":28,""full_difference+|full_low"":325,""full_difference-|full_low"":325}",2.05,1.0499999999999998,0.04999999999999982,-0.9000000000000004,True,True,False,False,child_band_not_isolated|duhamel_ratio_below_required_target,child_band_not_isolated|duhamel_ratio_below_required_target|generic_duhamel_ratio_decays_for_gamma_below_one,False,False
power_width,0.7,0.7,,12,5,4,0.4166666666666667,power_floor,2916,1590.1689395481378,0.8660254037844384,True,exact-zero-padded-local-fft-global-combination,9,17,True,True,3380144,1000000000,4913,True,False,True,False,0.08333333333333333,0.16666666666666674,11.313708498984761,17.185493198351576,22.978250586152114,9.422752507466942,56.536515044801625,0.08724770840247165,0.11814794048761686,0.3926146878111224,0.8603257327431739,0.14866966881199986,0.022102670424669724,0.02210267042466972,1.5696958264740797e-16,phase-independent-bernstein-heat-support-and-effective-count,1.9148542155126762,12.375,6.748402135428053,0.0017860743777510888,0.003275245010761017,22.621700925419802,exact-local-fft-full-global-overlap-aware-with-self-cross-decomposition,0.8436280767158661,0.14125910738138023,0.43053045324914646,0.2831440829922608,0.13061008236943134,True,exact-zero-padded-local-fft-full-pairing,4.908739601041181e-21,-2.055874694439295e-20,10.258934850421504,4.996003610813204e-16,1.004220721966913e-17,0.0,False,"{""child"":9.422752507466942,""child_spill"":2.754629183597209,""difference"":2.3694676773916097,""difference_spill"":1.2263070086243382,""harmonic"":0.012858698615275024,""low"":1.2085121506093726,""low_spill"":0.5578453562888458,""same_carrier_spill"":0.6417013769323249}","{""child"":0.8401766470949414,""child_spill"":0.07180279102168638,""difference"":0.05312716174209173,""difference_spill"":0.014230280412668541,""harmonic"":1.564620701461204e-06,""low"":0.013820287570217568,""low_spill"":0.0029447110211109438,""off_child"":0.15982335290505856,""same_carrier_spill"":0.003896556516581959}","{""full_child+|full_harmonic_p+"":425,""full_child+|full_harmonic_q+"":425,""full_child+|parent_p+"":9,""full_child+|parent_q+"":9,""full_child-|full_harmonic_p-"":425,""full_child-|full_harmonic_q-"":425,""full_child-|parent_p-"":9,""full_child-|parent_q-"":9,""full_difference+|full_low"":425,""full_difference-|full_low"":425}",2.05,1.0499999999999998,0.04999999999999982,-0.9000000000000004,True,True,False,False,child_band_not_isolated|duhamel_ratio_below_required_target,child_band_not_isolated|duhamel_ratio_below_required_target|generic_duhamel_ratio_decays_for_gamma_below_one,False,False
power_width,0.7,0.7,,16,6,5,0.375,power_floor,5324,2797.798471532092,0.8660254037844384,True,exact-zero-padded-local-fft-global-combination,11,21,True,True,6371568,1000000000,9261,True,True,True,False,0.0625,0.12500000000000003,15.556349186104045,22.861404935314855,30.116440692751194,12.551551637306206,100.41241309844962,0.08600989115230508,0.11864766814093307,0.3922359886658188,0.8606778162311212,0.12865383898728758,0.01655181028616692,0.01655181028616692,0.0,phase-independent-bernstein-heat-support-and-effective-count,1.8822775432969496,9.210334777832031,4.840094020232406,0.0017970910597087935,0.003419729083149537,30.208176106143032,exact-local-fft-full-global-overlap-aware-with-self-cross-decomposition,0.8601579461836074,0.1274142252159936,0.4032086068825236,0.25632153562122406,0.118989238670555,True,exact-zero-padded-local-fft-full-pairing,0.0,0.0,13.533443502652391,2.220446049250313e-16,9.164856149153096e-18,0.0,False,"{""child"":12.551551637306206,""child_spill"":3.5646584193569653,""difference"":2.874531855996211,""difference_spill"":1.444871870261424,""harmonic"":0.012662065386213726,""low"":1.4618689193588164,""low_spill"":0.6484811158307786,""same_carrier_spill"":0.23996080770664519}","{""child"":0.859875959951333,""child_spill"":0.06935484629033638,""difference"":0.04509986323719177,""difference_spill"":0.011394614717079615,""harmonic"":8.750846719713777e-07,""low"":0.011664277372624144,""low_spill"":0.0022952798306538195,""off_child"":0.14012404004866696,""same_carrier_spill"":0.0003142835161093056}","{""full_child+|full_harmonic_p+"":525,""full_child+|full_harmonic_q+"":525,""full_child-|full_harmonic_p-"":525,""full_child-|full_harmonic_q-"":525,""full_difference+|full_low"":525,""full_difference-|full_low"":525}",2.05,1.0499999999999998,0.04999999999999982,-0.9000000000000004,True,True,False,False,duhamel_ratio_below_required_target,duhamel_ratio_below_required_target|generic_duhamel_ratio_decays_for_gamma_below_one,True,False
power_width,0.7,0.7,,24,9,8,0.375,power_floor,19652,9661.477064349408,0.8660254037844384,True,exact-zero-padded-local-fft-global-combination,17,33,True,True,24724656,1000000000,35937,True,False,True,False,0.041666666666666664,0.08333333333333334,22.627416997969522,34.29500312383429,45.95650117230423,23.434131841958976,281.20958210350767,0.08358252666872579,0.11920572397281008,0.48821108004081193,0.8606312931530341,0.1307451462516029,0.017094293268353034,0.017094293268353034,0.0,phase-independent-bernstein-heat-support-and-effective-count,1.9148542155126762,10.424961419753085,5.125204847021773,0.001639746429753014,0.0033353385432557743,29.249527438824206,exact-local-fft-full-global-overlap-aware-with-self-cross-decomposition,0.8667590246276925,0.1277496249988611,0.3920755095207809,0.2569058992331572,0.11972341148993373,True,exact-zero-padded-local-fft-full-pairing,3.959737047147432e-23,-2.877235477459901e-22,25.170954399057074,1.6653345369377348e-16,9.464701912899579e-18,0.0,False,"{""child"":23.434131841958976,""child_spill"":6.264146664432473,""difference"":5.4395489717252365,""difference_spill"":2.579946191397811,""harmonic"":0.024226406266755825,""low"":2.7617288985680584,""low_spill"":1.155466352226863,""same_carrier_spill"":0.8069471994993014}","{""child"":0.8658298385240039,""child_spill"":0.06186694136507504,""difference"":0.04665096079643395,""difference_spill"":0.010494363595716767,""harmonic"":9.253644315047327e-07,""low"":0.012025327127451232,""low_spill"":0.0021049869941738254,""off_child"":0.13417016147599614,""same_carrier_spill"":0.0010266562327135673}","{""full_child+|full_harmonic_p+"":2673,""full_child+|full_harmonic_q+"":2673,""full_child+|parent_p+"":17,""full_child+|parent_q+"":17,""full_child-|full_harmonic_p-"":2673,""full_child-|full_harmonic_q-"":2673,""full_child-|parent_p-"":17,""full_child-|parent_q-"":17,""full_difference+|full_low"":2673,""full_difference-|full_low"":2673}",2.05,1.0499999999999998,0.04999999999999982,-0.9000000000000004,True,True,False,False,child_band_not_isolated|duhamel_ratio_below_required_target,child_band_not_isolated|duhamel_ratio_below_required_target|generic_duhamel_ratio_decays_for_gamma_below_one,False,False
power_width,0.7,0.7,,32,11,10,0.34375,power_floor,37044,17747.578308786866,0.8660254037844384,True,exact-zero-padded-local-fft-global-combination,21,41,True,True,47417648,1000000000,68921,True,True,True,False,0.03125,0.0625,31.11269837220809,45.65247143527005,60.23288138550239,31.859637517989864,509.7542002878378,0.08276598670070497,0.11957524629968873,0.4978068362185916,0.8608902397900046,0.11547148660702726,0.013333664219236877,0.013333664219236879,1.3010103205344482e-16,phase-independent-bernstein-heat-support-and-effective-count,1.8822775432969496,8.010603904724121,3.8378366294073314,0.0016645017501581334,0.00347426571445694,37.49906940649031,exact-local-fft-full-global-overlap-aware-with-self-cross-decomposition,0.8792233010864969,0.11711585558895637,0.37063120620976736,0.2360722015587116,0.11048347056002474,True,exact-zero-padded-local-fft-full-pairing,0.0,0.0,33.97748549340358,0.0,8.914161409518641e-18,0.0,False,"{""child"":31.859637517989864,""child_spill"":8.303290762698468,""difference"":6.823296873284511,""difference_spill"":3.16396739804869,""harmonic"":0.025480407807728086,""low"":3.456612968940705,""low_spill"":1.405059765401847,""same_carrier_spill"":0.2699490813929088}","{""child"":0.8791657462709118,""child_spill"":0.05971584618319078,""difference"":0.040325302404770155,""difference_spill"":0.008670678791463193,""harmonic"":5.623437171181431e-07,""low"":0.010348814642818354,""low_spill"":0.0017099314245876962,""off_child"":0.12083425372908818,""same_carrier_spill"":6.311793854096284e-05}","{""full_child+|full_harmonic_p+"":3321,""full_child+|full_harmonic_q+"":3321,""full_child-|full_harmonic_p-"":3321,""full_child-|full_harmonic_q-"":3321,""full_difference+|full_low"":3321,""full_difference-|full_low"":3321}",2.05,1.0499999999999998,0.04999999999999982,-0.9000000000000004,True,True,False,False,duhamel_ratio_below_required_target,duhamel_ratio_below_required_target|generic_duhamel_ratio_decays_for_gamma_below_one,True,False
power_width,0.7,0.7,,48,15,14,0.3125,power_floor,97556,45260.09501661496,0.8660254037844384,True,exact-zero-padded-local-fft-global-combination,29,57,True,True,127412784,1000000000,185193,True,True,True,False,0.020833333333333332,0.04166666666666668,48.08326112068523,68.3765237652317,88.79189152169245,51.05070245078043,1225.2168588187299,0.08172308151529066,0.119981419551729,0.5317781505289626,0.8611280953325433,0.10072998002317457,0.010146528875469149,0.010146528875469147,1.7096718466654915e-16,phase-independent-bernstein-heat-support-and-effective-count,1.8498310733685928,6.037044949001736,2.8008244291626756,0.0016807111693191788,0.003622693650420108,49.277935946038625,exact-local-fft-full-global-overlap-aware-with-self-cross-decomposition,0.8919532229439951,0.10647184906438022,0.34804457505986164,0.215028965440915,0.10106950554330696,True,exact-zero-padded-local-fft-full-pairing,0.0,0.0,54.05435415672921,3.3306690738754696e-16,8.348156295347093e-18,0.0,False,"{""child"":51.05070245078043,""child_spill"":12.870544326279946,""difference"":10.008286682992974,""difference_spill"":4.509663343755958,""harmonic"":0.030810223766371273,""low"":5.058534406838305,""low_spill"":1.9888399295584607,""same_carrier_spill"":0.05017541642174442}","{""child"":0.8919524549134699,""child_spill"":0.056693346046375735,""difference"":0.0342813356741316,""difference_spill"":0.006960276694925434,""harmonic"":3.2488373214739095e-07,""low"":0.008757651866151772,""low_spill"":0.0013537482923641321,""off_child"":0.10804754508653014,""same_carrier_spill"":8.616288490737091e-07}","{""full_child+|full_harmonic_p+"":4617,""full_child+|full_harmonic_q+"":4617,""full_child-|full_harmonic_p-"":4617,""full_child-|full_harmonic_q-"":4617,""full_difference+|full_low"":4617,""full_difference-|full_low"":4617}",2.05,1.0499999999999998,0.04999999999999982,-0.9000000000000004,True,True,False,False,duhamel_ratio_below_required_target,duhamel_ratio_below_required_target|generic_duhamel_ratio_decays_for_gamma_below_one,True,False
power_width,0.7,0.7,,64,18,17,0.28125,power_floor,171500,78368.62211316501,0.8660254037844384,True,exact-zero-padded-local-fft-global-combination,35,69,True,True,226014192,1000000000,328509,True,True,True,False,0.015625,0.03125,66.46803743153546,91.04421621731704,115.80587204455567,67.3158663511628,2154.1077232372095,0.08127470122488774,0.12023096651490466,0.5259052058684593,0.8613518417468382,0.08628251071158172,0.007444671654694215,0.007444671654694216,2.3301544466141535e-16,phase-independent-bernstein-heat-support-and-effective-count,1.8094667506961823,4.2840586975216866,1.9576430156075506,0.0017377613567715429,0.003802874985551835,67.16212926391812,exact-local-fft-full-global-overlap-aware-with-self-cross-decomposition,0.9022627119512305,0.095833818865547,0.3291270956463048,0.19387828658125306,0.09141072985263513,True,exact-zero-padded-local-fft-full-pairing,0.0,0.0,70.86812372935914,0.0,7.39883699532811e-18,0.0,False,"{""child"":67.3158663511628,""child_spill"":16.700783563249683,""difference"":11.923925887177088,""difference_spill"":5.305733372687233,""harmonic"":0.029630998315214364,""low"":6.016468404146554,""low_spill"":2.3279326953628106,""same_carrier_spill"":0.00843634518618259}","{""child"":0.9022627118866424,""child_spill"":0.055535645739542214,""difference"":0.02830979122059386,""difference_spill"":0.005605172388275268,""harmonic"":1.748198318108981e-07,""low"":0.0072074462306487876,""low_spill"":0.001079043543259542,""off_child"":0.09773728811335758,""same_carrier_spill"":1.4171206058976976e-08}","{""full_child+|full_harmonic_p+"":1725,""full_child+|full_harmonic_q+"":1725,""full_child-|full_harmonic_p-"":1725,""full_child-|full_harmonic_q-"":1725,""full_difference+|full_low"":1725,""full_difference-|full_low"":1725}",2.05,1.0499999999999998,0.04999999999999982,-0.9000000000000004,True,True,False,False,duhamel_ratio_below_required_target,duhamel_ratio_below_required_target|generic_duhamel_ratio_decays_for_gamma_below_one,True,False
power_width,0.75,0.75,,8,4,3,0.5,power_floor,1372,787.8106686701726,0.8660254037844384,True,exact-zero-padded-local-fft-global-combination,7,13,True,True,1511536,1000000000,2197,True,False,True,False,0.125,0.25,7.0710678118654755,11.516786167866607,15.84297951775486,6.587626058392303,26.35050423356921,0.08892459326936068,0.1173513295133821,0.4117266286495189,0.8595215105307885,0.19085666704819496,0.03642626735674554,0.03642626735674554,0.0,phase-independent-bernstein-heat-support-and-effective-count,1.9803724397193574,21.018798828125,12.069120961682943,0.001733032779589859,0.003018137565477361,13.726358374938142,exact-local-fft-full-global-overlap-aware-with-self-cross-decomposition,0.8123408340422156,0.1726364413359536,0.4806353934871049,0.3383701018698634,0.15283417696695695,True,exact-zero-padded-local-fft-full-pairing,8.80752935353243e-19,-3.2187251995663413e-18,7.309030876577003,0.0,1.15774862791285e-17,0.0,False,"{""child"":6.587626058392303,""child_spill"":1.9915658435139671,""difference"":1.9462151170177762,""difference_spill"":1.0867088083011114,""harmonic"":0.027106610051955447,""low"":0.9975242146775736,""low_spill"":0.5461827292265562,""same_carrier_spill"":1.7935964313725297}","{""child"":0.7634513923661499,""child_spill"":0.0697770898169702,""difference"":0.0666354288422089,""difference_spill"":0.020775423637921262,""harmonic"":1.2926291047937976e-05,""low"":0.017505334249664578,""low_spill"":0.005248067840152586,""off_child"":0.2365486076338501,""same_carrier_spill"":0.05659433695588461}","{""full_child+|full_harmonic_p+"":325,""full_child+|full_harmonic_q+"":325,""full_child+|parent_p+"":28,""full_child+|parent_q+"":28,""full_child-|full_harmonic_p-"":325,""full_child-|full_harmonic_q-"":325,""full_child-|parent_p-"":28,""full_child-|parent_q-"":28,""full_difference+|full_low"":325,""full_difference-|full_low"":325}",2.125,1.125,0.125,-0.75,True,True,False,False,child_band_not_isolated|duhamel_ratio_below_required_target,child_band_not_isolated|duhamel_ratio_below_required_target|generic_duhamel_ratio_decays_for_gamma_below_one,False,False
power_width,0.75,0.75,,12,6,5,0.5,power_floor,5324,2797.7984715320927,0.8660254037844384,True,exact-zero-padded-local-fft-global-combination,11,21,True,True,6371568,1000000000,9261,True,False,True,False,0.08333333333333333,0.16666666666666674,9.899494936611665,17.28131463796775,24.55605831561735,12.47531949894394,74.85191699366361,0.08548750809463132,0.1179270587919505,0.5198049791226639,0.859380282886265,0.1967240708017094,0.03870036003279597,0.038700360032795963,1.7929791604075465e-16,phase-independent-bernstein-heat-support-and-effective-count,2.0463381929681126,25.80353009259259,13.559931828172035,0.001499808742986901,0.002854023200352109,12.919776445911186,exact-local-fft-full-global-overlap-aware-with-self-cross-decomposition,0.8178910756071164,0.18251302566635896,0.47186512455158486,0.34602362999796715,0.15501834975455947,True,exact-zero-padded-local-fft-full-pairing,1.4929534178254076e-18,-8.407649034446185e-18,13.794435797463855,4.996003610813204e-16,1.2078143388787722e-17,0.0,False,"{""child"":12.47531949894394,""child_spill"":3.5370927978603355,""difference"":3.771594829584174,""difference_spill"":2.099868827602464,""harmonic"":0.07931642912243898,""low"":1.931141257626206,""low_spill"":1.206235833371239,""same_carrier_spill"":5.119044673293661}","{""child"":0.7133454945898369,""child_spill"":0.057344197139948795,""difference"":0.06519985534221086,""difference_spill"":0.02021067888241187,""harmonic"":2.8835193909374852e-05,""low"":0.017093250354794077,""low_spill"":0.006669004652570654,""off_child"":0.28665450541016313,""same_carrier_spill"":0.12010868384431757}","{""full_child+|full_harmonic_p+"":1701,""full_child+|full_harmonic_q+"":1701,""full_child+|parent_p+"":176,""full_child+|parent_q+"":176,""full_child-|full_harmonic_p-"":1701,""full_child-|full_harmonic_q-"":1701,""full_child-|parent_p-"":176,""full_child-|parent_q-"":176,""full_difference+|full_low"":1701,""full_difference-|full_low"":1701}",2.125,1.125,0.125,-0.75,True,True,False,False,child_band_not_isolated|duhamel_ratio_below_required_target,child_band_not_isolated|duhamel_ratio_below_required_target|generic_duhamel_ratio_decays_for_gamma_below_one,False,False
power_width,0.75,0.75,,16,8,7,0.5,power_floor,13500,6752.498673072812,0.8660254037844384,True,exact-zero-padded-local-fft-global-combination,15,29,True,True,16779632,1000000000,24389,True,False,True,False,0.0625,0.125,12.727922061357855,23.044446437871034,33.27160951922825,19.44688994779637,155.57511958237097,0.08368608989260419,0.11832810435317104,0.6077153108686366,0.8593168728700235,0.1991736372235116,0.03967013776484301,0.03967013776484301,0.0,phase-independent-bernstein-heat-support-and-effective-count,2.0794755949517656,28.5043716430664,14.257461607154086,0.0013917211809330533,0.002782412385731931,12.60393908798362,exact-local-fft-full-global-overlap-aware-with-self-cross-decomposition,0.8220003569247021,0.18935653598780705,0.4653434042979747,0.349658751900448,0.15573954508092247,True,exact-zero-padded-local-fft-full-pairing,2.094492154499282e-18,1.588356182691264e-17,21.449350866421813,0.0,1.2660733993291694e-17,0.0,False,"{""child"":19.44688994779637,""child_spill"":5.27545000192475,""difference"":5.93917747511116,""difference_spill"":3.311059438839186,""harmonic"":0.1478976763542637,""low"":3.0391127747050724,""low_spill"":2.0793825414499554,""same_carrier_spill"":9.453030524150732}","{""child"":0.681174298369022,""child_spill"":0.05012760586402819,""difference"":0.0635346360284908,""difference_spill"":0.019746580240294794,""harmonic"":3.9398586564091336e-05,""low"":0.016636101915899985,""low_spill"":0.007788014056799089,""off_child"":0.318825701630978,""same_carrier_spill"":0.16095336493890106}","{""full_child+|full_harmonic_p+"":4901,""full_child+|full_harmonic_q+"":4901,""full_child+|parent_p+"":540,""full_child+|parent_q+"":540,""full_child-|full_harmonic_p-"":4901,""full_child-|full_harmonic_q-"":4901,""full_child-|parent_p-"":540,""full_child-|parent_q-"":540,""full_difference+|full_low"":4901,""full_difference-|full_low"":4901}",2.125,1.125,0.125,-0.75,True,True,False,False,child_band_not_isolated|duhamel_ratio_below_required_target,child_band_not_isolated|duhamel_ratio_below_required_target|generic_duhamel_ratio_decays_for_gamma_below_one,False,False
power_width,0.75,0.75,,24,10,9,0.4166666666666667,power_floor,27436,13299.508250682427,0.8660254037844384,True,exact-zero-padded-local-fft-global-combination,19,37,True,True,34849264,1000000000,50653,True,False,True,False,0.041666666666666664,0.08333333333333334,21.213203435596427,34.378012758070085,47.52893855326458,27.47067865720807,329.64814388649677,0.08292376189560219,0.11910269851637185,0.5723058053585014,0.8602199581106565,0.1532294651043389,0.023479268976161812,0.023479268976161812,0.0,phase-independent-bernstein-heat-support-and-effective-count,1.9803724397193576,15.567211009837965,7.5461529109729675,0.0015082514755741208,0.003111422370201414,21.29538191788012,exact-local-fft-full-global-overlap-aware-with-self-cross-decomposition,0.8544605816675773,0.14317990882478937,0.41270934353874633,0.28548075311040944,0.132178492587904,True,exact-zero-padded-local-fft-full-pairing,1.8357925063287209e-19,1.5749121816315621e-18,29.71825962510557,1.6653345369377348e-16,1.070676536657038e-17,0.0,False,"{""child"":27.47067865720807,""child_spill"":7.237862953915614,""difference"":7.080558548695672,""difference_spill"":3.371667933720238,""harmonic"":0.039301331863031926,""low"":3.601794984984529,""low_spill"":1.5803552355880242,""same_carrier_spill"":3.997253805099156}","{""child"":0.8385079920518247,""child_spill"":0.058208866216259175,""difference"":0.0557061912076162,""difference_spill"":0.012631589981150524,""harmonic"":1.7162595440926434e-06,""low"":0.014414726512259446,""low_spill"":0.002775095083755808,""off_child"":0.1614920079481753,""same_carrier_spill"":0.01775382268759023}","{""full_child+|full_harmonic_p+"":6253,""full_child+|full_harmonic_q+"":6253,""full_child+|parent_p+"":304,""full_child+|parent_q+"":304,""full_child-|full_harmonic_p-"":6253,""full_child-|full_harmonic_q-"":6253,""full_child-|parent_p-"":304,""full_child-|parent_q-"":304,""full_difference+|full_low"":6253,""full_difference-|full_low"":6253}",2.125,1.125,0.125,-0.75,True,True,False,False,child_band_not_isolated|duhamel_ratio_below_required_target,child_band_not_isolated|duhamel_ratio_below_required_target|generic_duhamel_ratio_decays_for_gamma_below_one,False,False
power_width,0.75,0.75,,32,13,12,0.40625,power_floor,62500,29397.800045325483,0.8660254037844384,True,exact-zero-padded-local-fft-global-combination,25,49,True,True,80942512,1000000000,117649,True,False,True,False,0.03125,0.0625,28.284271247461902,45.809918932108715,63.37191807101944,40.9479375799004,655.1670012784064,0.08189587515980079,0.11941107857451443,0.6398115246859437,0.8603046112735593,0.14836046732230976,0.022010828264094142,0.022010828264094142,0.0,phase-independent-bernstein-heat-support-and-effective-count,1.9803724397193574,14.960765838623047,7.037017642380425,0.0014712367335681772,0.0031278631634421338,22.71609200711637,exact-local-fft-full-global-overlap-aware-with-self-cross-decomposition,0.8610891892785327,0.13929312348373774,0.40164647018462324,0.2783153803267985,0.1293193734219966,True,exact-zero-padded-local-fft-full-pairing,6.404294069193703e-20,7.06511504793792e-19,44.12736187067321,0.0,1.068690922044497e-17,0.0,False,"{""child"":40.9479375799004,""child_spill"":10.462922893536698,""difference"":10.348308149376823,""difference_spill"":4.774032031257161,""harmonic"":0.054638466672928696,""low"":5.256996239633057,""low_spill"":2.21290274377601,""same_carrier_spill"":5.331344371056006}","{""child"":0.84810114101282,""child_spill"":0.055371926267501745,""difference"":0.05416544150202563,""difference_spill"":0.011528007210923577,""harmonic"":1.51001266079572e-06,""low"":0.013978446707463742,""low_spill"":0.0024768986524249326,""off_child"":0.15189885898718003,""same_carrier_spill"":0.014376628634179565}","{""full_child+|full_harmonic_p+"":14161,""full_child+|full_harmonic_q+"":14161,""full_child+|parent_p+"":625,""full_child+|parent_q+"":625,""full_child-|full_harmonic_p-"":14161,""full_child-|full_harmonic_q-"":14161,""full_child-|parent_p-"":625,""full_child-|parent_q-"":625,""full_difference+|full_low"":14161,""full_difference-|full_low"":14161}",2.125,1.125,0.125,-0.75,True,True,False,False,child_band_not_isolated|duhamel_ratio_below_required_target,child_band_not_isolated|duhamel_ratio_below_required_target|generic_duhamel_ratio_decays_for_gamma_below_one,False,False
power_width,0.75,0.75,,48,18,17,0.375,power_floor,171500,78368.62211316497,0.8660254037844384,True,exact-zero-padded-local-fft-global-combination,35,69,True,True,226014192,1000000000,328509,True,False,True,False,0.020833333333333332,0.04166666666666667,43.840620433565945,68.59336197202741,93.4826187052973,67.0812202822832,1609.9492867747965,0.08099139819136071,0.11981187180247616,0.6987627112737832,0.8605906581029815,0.13231906217667977,0.01750833421531605,0.01750833421531605,0.0,phase-independent-bernstein-heat-support-and-effective-count,1.9475545563603605,11.76385526303892,5.375610074070344,0.0014883160174816003,0.0032569948292508802,28.557828166348738,exact-local-fft-full-global-overlap-aware-with-self-cross-decomposition,0.8744766466117669,0.12775083048313254,0.37886820342007904,0.2567790277924047,0.12015502166704797,True,exact-zero-padded-local-fft-full-pairing,3.48773731730614e-21,-5.106989837447665e-20,71.7342969681449,1.6653345369377348e-16,9.918614802431753e-18,0.0,False,"{""child"":67.0812202822832,""child_spill"":16.62518783749818,""difference"":15.750194652808775,""difference_spill"":6.973789075077371,""harmonic"":0.07045806761036032,""low"":7.981635144139203,""low_spill"":3.119766524335669,""same_carrier_spill"":3.792843821701156}","{""child"":0.8719332622275867,""child_spill"":0.053556780042237795,""difference"":0.04806768292155343,""difference_spill"":0.009423645759533814,""harmonic"":9.619285011287272e-07,""low"":0.012344260545176657,""low_spill"":0.0018859298049668394,""off_child"":0.12806673777241329,""same_carrier_spill"":0.002787476770443517}","{""full_child+|full_harmonic_p+"":30429,""full_child+|full_harmonic_q+"":30429,""full_child+|parent_p+"":560,""full_child+|parent_q+"":560,""full_child-|full_harmonic_p-"":30429,""full_child-|full_harmonic_q-"":30429,""full_child-|parent_p-"":560,""full_child-|parent_q-"":560,""full_difference+|full_low"":30429,""full_difference-|full_low"":30429}",2.125,1.125,0.125,-0.75,True,True,False,False,child_band_not_isolated|duhamel_ratio_below_required_target,child_band_not_isolated|duhamel_ratio_below_required_target|generic_duhamel_ratio_decays_for_gamma_below_one,False,False
power_width,0.75,0.75,,64,22,21,0.34375,power_floor,318028,143303.41887219305,0.8660254037844384,True,exact-zero-padded-local-fft-global-combination,43,85,True,True,422518000,1000000000,614125,True,True,True,False,0.015625,0.031249999999999993,60.81118318204309,91.3074451269102,122.02868515230344,90.91090335200771,2909.148907264247,0.0806033883071324,0.12007641183694621,0.7102414324375603,0.860863554451655,0.11649255627065819,0.013570515666472464,0.013570515666472462,1.2783032853074574e-16,phase-independent-bernstein-heat-support-and-effective-count,1.9066982055047412,8.821030981838705,3.9747566178922114,0.001538427389543501,0.003414175249217856,36.844583676013734,exact-local-fft-full-global-overlap-aware-with-self-cross-decomposition,0.8858540439717218,0.11696316022597222,0.3589625807601117,0.23575586363678083,0.11075162375126767,True,exact-zero-padded-local-fft-full-pairing,0.0,0.0,96.59060519633968,2.220446049250313e-16,9.08805885887206e-18,0.0,False,"{""child"":90.91090335200771,""child_spill"":22.19414506466198,""difference"":19.645203014045,""difference_spill"":8.56913030673702,""harmonic"":0.07351076713284808,""low"":9.93605284356643,""low_spill"":3.786866892412441,""same_carrier_spill"":1.2866256761341417}","{""child"":0.8856909771283875,""child_spill"":0.0527870162600744,""difference"":0.04135836067727538,""difference_spill"":0.007869076509748812,""harmonic"":5.790981583067706e-07,""low"":0.010579814645150069,""low_spill"":0.0015367752374160538,""off_child"":0.11430902287161249,""same_carrier_spill"":0.00017740044378923784}","{""full_child+|full_harmonic_p+"":37485,""full_child+|full_harmonic_q+"":37485,""full_child-|full_harmonic_p-"":37485,""full_child-|full_harmonic_q-"":37485,""full_difference+|full_low"":37485,""full_difference-|full_low"":37485}",2.125,1.125,0.125,-0.75,True,True,False,False,duhamel_ratio_below_required_target,duhamel_ratio_below_required_target|generic_duhamel_ratio_decays_for_gamma_below_one,True,False
power_width,0.8,0.8,,8,5,4,0.625,power_floor,2916,,0.8660254037844384,False,,,,False,False,,1000000000,0,False,False,False,False,0.125,,,,,,,,,,,,,,,unavailable-parent-overlap,,,,,,,unavailable-parent-overlap,,,,,,False,unavailable-parent-overlap,,,,,,,False,null,null,"{""child+|harmonic_p+"":9,""child+|harmonic_q+"":9,""child-|harmonic_p-"":9,""child-|harmonic_q-"":9,""difference+|low"":9,""difference-|low"":9,""full_child+|full_difference+"":17,""full_child+|full_difference-"":17,""full_child+|full_harmonic_p+"":1377,""full_child+|full_harmonic_q+"":1377,""full_child+|full_low"":81,""full_child+|parent_p+"":225,""full_child+|parent_q+"":225,""full_child-|full_difference+"":17,""full_child-|full_difference-"":17,""full_child-|full_harmonic_p-"":1377,""full_child-|full_harmonic_q-"":1377,""full_child-|full_low"":81,""full_child-|parent_p-"":225,""full_child-|parent_q-"":225,""full_difference+|full_difference-"":17,""full_difference+|full_harmonic_p+"":81,""full_difference+|full_harmonic_q-"":81,""full_difference+|full_low"":1377,""full_difference-|full_harmonic_p-"":81,""full_difference-|full_harmonic_q+"":81,""full_difference-|full_low"":1377,""full_harmonic_p+|full_harmonic_q+"":17,""full_harmonic_p+|full_low"":17,""full_harmonic_p-|full_harmonic_q-"":17,""full_harmonic_p-|full_low"":17,""full_harmonic_q+|full_low"":17,""full_harmonic_q-|full_low"":17,""parent_p+|parent_q+"":9,""parent_p-|parent_q-"":9}",2.2,1.2000000000000002,0.20000000000000018,-0.5999999999999996,True,True,False,False,parent_boxes_overlap|child_band_not_isolated|channel_bands_overlap|measurement_unavailable,parent_boxes_overlap|child_band_not_isolated|channel_bands_overlap|measurement_unavailable|generic_duhamel_ratio_decays_for_gamma_below_one,False,False
power_width,0.8,0.8,,12,7,6,0.5833333333333334,power_floor,8788,,0.8660254037844384,False,,,,False,False,,1000000000,0,False,False,False,False,0.08333333333333333,,,,,,,,,,,,,,,unavailable-parent-overlap,,,,,,,unavailable-parent-overlap,,,,,,False,unavailable-parent-overlap,,,,,,,False,null,null,"{""child+|harmonic_p+"":13,""child+|harmonic_q+"":13,""child-|harmonic_p-"":13,""child-|harmonic_q-"":13,""difference+|low"":13,""difference-|low"":13,""full_child+|full_difference+"":25,""full_child+|full_difference-"":25,""full_child+|full_harmonic_p+"":4225,""full_child+|full_harmonic_q+"":4225,""full_child+|full_low"":169,""full_child+|parent_p+"":637,""full_child+|parent_q+"":637,""full_child-|full_difference+"":25,""full_child-|full_difference-"":25,""full_child-|full_harmonic_p-"":4225,""full_child-|full_harmonic_q-"":4225,""full_child-|full_low"":169,""full_child-|parent_p-"":637,""full_child-|parent_q-"":637,""full_difference+|full_difference-"":25,""full_difference+|full_harmonic_p+"":169,""full_difference+|full_harmonic_q-"":169,""full_difference+|full_low"":4225,""full_difference-|full_harmonic_p-"":169,""full_difference-|full_harmonic_q+"":169,""full_difference-|full_low"":4225,""full_harmonic_p+|full_harmonic_q+"":25,""full_harmonic_p+|full_low"":25,""full_harmonic_p-|full_harmonic_q-"":25,""full_harmonic_p-|full_low"":25,""full_harmonic_q+|full_low"":25,""full_harmonic_q-|full_low"":25,""parent_p+|parent_q+"":13,""parent_p-|parent_q-"":13}",2.2,1.2000000000000002,0.20000000000000018,-0.5999999999999996,True,True,False,False,parent_boxes_overlap|child_band_not_isolated|channel_bands_overlap|measurement_unavailable,parent_boxes_overlap|child_band_not_isolated|channel_bands_overlap|measurement_unavailable|generic_duhamel_ratio_decays_for_gamma_below_one,False,False
power_width,0.8,0.8,,16,9,8,0.5625,power_floor,19652,,0.8660254037844384,False,,,,False,False,,1000000000,0,False,False,False,False,0.0625,,,,,,,,,,,,,,,unavailable-parent-overlap,,,,,,,unavailable-parent-overlap,,,,,,False,unavailable-parent-overlap,,,,,,,False,null,null,"{""child+|harmonic_p+"":17,""child+|harmonic_q+"":17,""child-|harmonic_p-"":17,""child-|harmonic_q-"":17,""difference+|low"":17,""difference-|low"":17,""full_child+|full_difference+"":33,""full_child+|full_difference-"":33,""full_child+|full_harmonic_p+"":9537,""full_child+|full_harmonic_q+"":9537,""full_child+|full_low"":289,""full_child+|parent_p+"":1377,""full_child+|parent_q+"":1377,""full_child-|full_difference+"":33,""full_child-|full_difference-"":33,""full_child-|full_harmonic_p-"":9537,""full_child-|full_harmonic_q-"":9537,""full_child-|full_low"":289,""full_child-|parent_p-"":1377,""full_child-|parent_q-"":1377,""full_difference+|full_difference-"":33,""full_difference+|full_harmonic_p+"":289,""full_difference+|full_harmonic_q-"":289,""full_difference+|full_low"":9537,""full_difference-|full_harmonic_p-"":289,""full_difference-|full_harmonic_q+"":289,""full_difference-|full_low"":9537,""full_harmonic_p+|full_harmonic_q+"":33,""full_harmonic_p+|full_low"":33,""full_harmonic_p-|full_harmonic_q-"":33,""full_harmonic_p-|full_low"":33,""full_harmonic_q+|full_low"":33,""full_harmonic_q-|full_low"":33,""parent_p+|parent_q+"":17,""parent_p-|parent_q-"":17}",2.2,1.2000000000000002,0.20000000000000018,-0.5999999999999996,True,True,False,False,parent_boxes_overlap|child_band_not_isolated|channel_bands_overlap|measurement_unavailable,parent_boxes_overlap|child_band_not_isolated|channel_bands_overlap|measurement_unavailable|generic_duhamel_ratio_decays_for_gamma_below_one,False,False
power_width,0.8,0.8,,24,12,11,0.5,power_floor,48668,23086.677784991512,0.8660254037844384,True,exact-zero-padded-local-fft-global-combination,23,45,True,True,62694000,1000000000,91125,True,False,True,False,0.041666666666666664,0.08333333333333331,18.384776310850235,34.5694727021772,50.70502933634887,36.09131650264922,433.09579803179076,0.08179956209889497,0.1187659665808763,0.7519024271385256,0.8592591787429776,0.20120230591572913,0.04048236790580665,0.04048236790580665,0.0,phase-independent-bernstein-heat-support-and-effective-count,2.112709555681203,31.428189501350303,14.908615196501346,0.001288090995635219,0.0027153674148962395,12.3510561724894,exact-local-fft-full-global-overlap-aware-with-self-cross-decomposition,0.8267467254374189,0.19768462198473039,0.4577775432917381,0.3531102248460486,0.15624479638875702,True,exact-zero-padded-local-fft-full-pairing,3.3542903543382632e-18,3.843496701461113e-17,39.693233813489364,1.6653345369377348e-16,1.3036495677490474e-17,0.0,False,"{""child"":36.09131650264922,""child_spill"":9.289158471459192,""difference"":11.124908824219467,""difference_spill"":6.217022254836358,""harmonic"":0.3201870267562367,""low"":5.691267797659278,""low_spill"":4.302718920997839,""same_carrier_spill"":20.38596017378072}","{""child"":0.6455204923530358,""child_spill"":0.04276193306267466,""difference"":0.061333465788015885,""difference_spill"":0.019154438678570473,""harmonic"":5.080565422401204e-05,""low"":0.016051758916066517,""low_spill"":0.009174671814944562,""off_child"":0.35447950764696423,""same_carrier_spill"":0.2059524337324681}","{""full_child+|full_harmonic_p+"":19845,""full_child+|full_harmonic_q+"":19845,""full_child+|parent_p+"":2300,""full_child+|parent_q+"":2300,""full_child-|full_harmonic_p-"":19845,""full_child-|full_harmonic_q-"":19845,""full_child-|parent_p-"":2300,""full_child-|parent_q-"":2300,""full_difference+|full_low"":19845,""full_difference-|full_low"":19845}",2.2,1.2000000000000002,0.20000000000000018,-0.5999999999999996,True,True,False,False,child_band_not_isolated|duhamel_ratio_below_required_target,child_band_not_isolated|duhamel_ratio_below_required_target|generic_duhamel_ratio_decays_for_gamma_below_one,False,False
power_width,0.8,0.8,,32,16,15,0.5,power_floor,119164,54973.26151716396,0.8660254037844384,True,exact-zero-padded-local-fft-global-combination,31,61,True,True,156162928,1000000000,226981,True,False,True,False,0.03125,0.06250000000000001,24.041630560342615,46.09391633184381,68.1395626636978,55.79823811545626,892.7718098472999,0.08081983394587437,0.1189911709229414,0.8718474705540038,0.859232736953584,0.20203933400800356,0.04081989248639762,0.04081989248639761,1.699880494839488e-16,phase-independent-bernstein-heat-support-and-effective-count,2.1293613332405563,32.977965593338006,15.213540388595595,0.0012377929248201954,0.002683129070797821,12.248929861013588,exact-local-fft-full-global-overlap-aware-with-self-cross-decomposition,0.8296267524751133,0.2011780444040599,0.45316809579746603,0.3540440717360211,0.1564200870274061,True,exact-zero-padded-local-fft-full-pairing,1.0194211618600102e-18,1.5612511283791264e-17,61.26029895359468,2.220446049250313e-16,1.32338588312746e-17,0.0,False,"{""child"":55.79823811545626,""child_spill"":13.945184838289062,""difference"":17.264522903938634,""difference_spill"":9.60196194896933,""harmonic"":0.551739843363413,""low"":8.82139860110489,""low_spill"":6.942052463949356,""same_carrier_spill"":33.75674271288908}","{""child"":0.6272040120666194,""child_spill"":0.03917566760126646,""difference"":0.06004502344113011,""difference_spill"":0.018573246267752985,""harmonic"":6.132485789407335e-05,""low"":0.015676270502329108,""low_spill"":0.009708310077572337,""off_child"":0.37279598793338065,""same_carrier_spill"":0.22955614518543563}","{""full_child+|full_harmonic_p+"":51301,""full_child+|full_harmonic_q+"":51301,""full_child+|parent_p+"":6076,""full_child+|parent_q+"":6076,""full_child-|full_harmonic_p-"":51301,""full_child-|full_harmonic_q-"":51301,""full_child-|parent_p-"":6076,""full_child-|parent_q-"":6076,""full_difference+|full_low"":51301,""full_difference-|full_low"":51301}",2.2,1.2000000000000002,0.20000000000000018,-0.5999999999999996,True,True,False,False,child_band_not_isolated|duhamel_ratio_below_required_target,child_band_not_isolated|duhamel_ratio_below_required_target|generic_duhamel_ratio_decays_for_gamma_below_one,False,False
power_width,0.8,0.8,,48,22,21,0.4583333333333333,power_floor,318028,143303.41887219303,0.8660254037844384,True,exact-zero-padded-local-fft-global-combination,43,85,True,True,422518000,1000000000,614125,True,False,True,False,0.020833333333333332,0.04166666666666667,38.18376618407357,68.94236386724577,99.81482855768475,90.43573487944393,2170.457637106654,0.08018209462845155,0.11944880257227333,0.9420389049942074,0.8597151263986614,0.17829554926094823,0.03178930288626322,0.031789302886263214,2.1827763662303083e-16,phase-independent-bernstein-heat-support-and-effective-count,2.0794755949517656,24.87020111083984,11.206512782592608,0.0012782085172768323,0.0028366810892004194,15.728561327340707,exact-local-fft-full-global-overlap-aware-with-self-cross-decomposition,0.8473060640152095,0.16855141428273038,0.42451274917801546,0.31917659336120413,0.14469003055842386,True,exact-zero-padded-local-fft-full-pairing,4.2067368719067595e-19,8.436448154652831e-18,98.24713952682997,1.6653345369377348e-16,1.2109073933788769e-17,0.0,False,"{""child"":90.43573487944393,""child_spill"":22.042658900657383,""difference"":25.825913573488553,""difference_spill"":12.892194084725865,""harmonic"":0.28397733993947133,""low"":13.147889134042506,""low_spill"":7.712601720976868,""same_carrier_spill"":37.14945338951015}","{""child"":0.7361362779450044,""child_spill"":0.043732674465499374,""difference"":0.060032919400365134,""difference_spill"":0.0149600052815665,""harmonic"":7.258476088711671e-06,""low"":0.015559303193054567,""low_spill"":0.005354018738962513,""off_child"":0.26386372205499564,""same_carrier_spill"":0.12421754249945877}","{""full_child+|full_harmonic_p+"":116365,""full_child+|full_harmonic_q+"":116365,""full_child+|parent_p+"":11008,""full_child+|parent_q+"":11008,""full_child-|full_harmonic_p-"":116365,""full_child-|full_harmonic_q-"":116365,""full_child-|parent_p-"":11008,""full_child-|parent_q-"":11008,""full_difference+|full_low"":116365,""full_difference-|full_low"":116365}",2.2,1.2000000000000002,0.20000000000000018,-0.5999999999999996,True,True,False,False,child_band_not_isolated|duhamel_ratio_below_required_target,child_band_not_isolated|duhamel_ratio_below_required_target|generic_duhamel_ratio_decays_for_gamma_below_one,False,False
power_width,0.8,0.8,,64,27,26,0.421875,power_floor,595508,265174.4991435424,0.8660254037844384,True,exact-zero-padded-local-fft-global-combination,53,105,True,True,796446000,1000000000,1157625,True,False,True,False,0.015625,0.03125000000000001,53.74011537017761,91.70904912586091,129.90765951243984,123.3409779714706,3946.911295087058,0.07991597307615107,0.1197599244452518,0.9636013904021138,0.8601106729204046,0.1579790861265891,0.024957391653392252,0.024957391653392256,1.390148057191722e-16,phase-independent-bernstein-heat-support-and-effective-count,2.0298071798818724,18.71919819712639,8.335495083679298,0.0013332511035234137,0.002994110296130848,20.034144871547067,exact-local-fft-full-global-overlap-aware-with-self-cross-decomposition,0.8614223620591518,0.14711156485407634,0.4010869266225082,0.29010226838115427,0.1341432535430794,True,exact-zero-padded-local-fft-full-pairing,7.411734719782895e-21,-1.7411821021996211e-19,132.89214666140288,2.220446049250313e-16,1.1175894351865845e-17,0.0,False,"{""child"":123.3409779714706,""child_spill"":29.68238581735835,""difference"":32.570368282550206,""difference_spill"":14.815082613442643,""harmonic"":0.1909257929479898,""low"":16.539343429623802,""low_spill"":7.46236855509714,""same_carrier_spill"":29.11350738956177}","{""child"":0.820053446800674,""child_spill"":0.04749249599256949,""difference"":0.05718376178682538,""difference_spill"":0.011831383678213457,""harmonic"":1.964973008093105e-06,""low"":0.01474564973034265,""low_spill"":0.003001793216625393,""off_child"":0.17994655319932595,""same_carrier_spill"":0.04568950382174137}","{""full_child+|full_harmonic_p+"":176505,""full_child+|full_harmonic_q+"":176505,""full_child+|parent_p+"":11925,""full_child+|parent_q+"":11925,""full_child-|full_harmonic_p-"":176505,""full_child-|full_harmonic_q-"":176505,""full_child-|parent_p-"":11925,""full_child-|parent_q-"":11925,""full_difference+|full_low"":176505,""full_difference-|full_low"":176505}",2.2,1.2000000000000002,0.20000000000000018,-0.5999999999999996,True,True,False,False,child_band_not_isolated|duhamel_ratio_below_required_target,child_band_not_isolated|duhamel_ratio_below_required_target|generic_duhamel_ratio_decays_for_gamma_below_one,False,False
power_width,0.85,0.85,,8,5,4,0.625,power_floor,2916,,0.8660254037844384,False,,,,False,False,,1000000000,0,False,False,False,False,0.125,,,,,,,,,,,,,,,unavailable-parent-overlap,,,,,,,unavailable-parent-overlap,,,,,,False,unavailable-parent-overlap,,,,,,,False,null,null,"{""child+|harmonic_p+"":9,""child+|harmonic_q+"":9,""child-|harmonic_p-"":9,""child-|harmonic_q-"":9,""difference+|low"":9,""difference-|low"":9,""full_child+|full_difference+"":17,""full_child+|full_difference-"":17,""full_child+|full_harmonic_p+"":1377,""full_child+|full_harmonic_q+"":1377,""full_child+|full_low"":81,""full_child+|parent_p+"":225,""full_child+|parent_q+"":225,""full_child-|full_difference+"":17,""full_child-|full_difference-"":17,""full_child-|full_harmonic_p-"":1377,""full_child-|full_harmonic_q-"":1377,""full_child-|full_low"":81,""full_child-|parent_p-"":225,""full_child-|parent_q-"":225,""full_difference+|full_difference-"":17,""full_difference+|full_harmonic_p+"":81,""full_difference+|full_harmonic_q-"":81,""full_difference+|full_low"":1377,""full_difference-|full_harmonic_p-"":81,""full_difference-|full_harmonic_q+"":81,""full_difference-|full_low"":1377,""full_harmonic_p+|full_harmonic_q+"":17,""full_harmonic_p+|full_low"":17,""full_harmonic_p-|full_harmonic_q-"":17,""full_harmonic_p-|full_low"":17,""full_harmonic_q+|full_low"":17,""full_harmonic_q-|full_low"":17,""parent_p+|parent_q+"":9,""parent_p-|parent_q-"":9}",2.275,1.275,0.2749999999999999,-0.4500000000000002,True,True,False,False,parent_boxes_overlap|child_band_not_isolated|channel_bands_overlap|measurement_unavailable,parent_boxes_overlap|child_band_not_isolated|channel_bands_overlap|measurement_unavailable|generic_duhamel_ratio_decays_for_gamma_below_one,False,False
power_width,0.85,0.85,,12,8,7,0.6666666666666666,power_floor,13500,,0.8660254037844384,False,,,,False,False,,1000000000,0,False,False,False,False,0.08333333333333333,,,,,,,,,,,,,,,unavailable-parent-overlap,,,,,,,unavailable-parent-overlap,,,,,,False,unavailable-parent-overlap,,,,,,,False,null,null,"{""child+|harmonic_p+"":135,""child+|harmonic_q+"":135,""child-|harmonic_p-"":135,""child-|harmonic_q-"":135,""difference+|low"":135,""difference-|low"":135,""full_child+|full_difference+"":725,""full_child+|full_difference-"":725,""full_child+|full_harmonic_p+"":8381,""full_child+|full_harmonic_q+"":8381,""full_child+|full_low"":1445,""full_child+|parent_p+"":1500,""full_child+|parent_q+"":1500,""full_child-|full_difference+"":725,""full_child-|full_difference-"":725,""full_child-|full_harmonic_p-"":8381,""full_child-|full_harmonic_q-"":8381,""full_child-|full_low"":1445,""full_child-|parent_p-"":1500,""full_child-|parent_q-"":1500,""full_difference+|full_difference-"":725,""full_difference+|full_harmonic_p+"":1445,""full_difference+|full_harmonic_q-"":1445,""full_difference+|full_low"":8381,""full_difference-|full_harmonic_p-"":1445,""full_difference-|full_harmonic_q+"":1445,""full_difference-|full_low"":8381,""full_harmonic_p+|full_harmonic_q+"":725,""full_harmonic_p+|full_low"":725,""full_harmonic_p-|full_harmonic_q-"":725,""full_harmonic_p-|full_low"":725,""full_harmonic_q+|full_low"":725,""full_harmonic_q-|full_low"":725,""parent_p+|parent_q+"":135,""parent_p-|parent_q-"":135}",2.275,1.275,0.2749999999999999,-0.4500000000000002,True,True,False,False,parent_boxes_overlap|child_band_not_isolated|channel_bands_overlap|measurement_unavailable,parent_boxes_overlap|child_band_not_isolated|channel_bands_overlap|measurement_unavailable|generic_duhamel_ratio_decays_for_gamma_below_one,False,False
power_width,0.85,0.85,,16,10,9,0.625,power_floor,27436,,0.8660254037844384,False,,,,False,False,,1000000000,0,False,False,False,False,0.0625,,,,,,,,,,,,,,,unavailable-parent-overlap,,,,,,,unavailable-parent-overlap,,,,,,False,unavailable-parent-overlap,,,,,,,False,null,null,"{""child+|harmonic_p+"":171,""child+|harmonic_q+"":171,""child-|harmonic_p-"":171,""child-|harmonic_q-"":171,""difference+|low"":171,""difference-|low"":171,""full_child+|full_difference+"":925,""full_child+|full_difference-"":925,""full_child+|full_harmonic_p+"":16317,""full_child+|full_harmonic_q+"":16317,""full_child+|full_low"":2205,""full_child+|parent_p+"":2736,""full_child+|parent_q+"":2736,""full_child-|full_difference+"":925,""full_child-|full_difference-"":925,""full_child-|full_harmonic_p-"":16317,""full_child-|full_harmonic_q-"":16317,""full_child-|full_low"":2205,""full_child-|parent_p-"":2736,""full_child-|parent_q-"":2736,""full_difference+|full_difference-"":925,""full_difference+|full_harmonic_p+"":2205,""full_difference+|full_harmonic_q-"":2205,""full_difference+|full_low"":16317,""full_difference-|full_harmonic_p-"":2205,""full_difference-|full_harmonic_q+"":2205,""full_difference-|full_low"":16317,""full_harmonic_p+|full_harmonic_q+"":925,""full_harmonic_p+|full_low"":925,""full_harmonic_p-|full_harmonic_q-"":925,""full_harmonic_p-|full_low"":925,""full_harmonic_q+|full_low"":925,""full_harmonic_q-|full_low"":925,""parent_p+|parent_q+"":171,""parent_p-|parent_q-"":171}",2.275,1.275,0.2749999999999999,-0.4500000000000002,True,True,False,False,parent_boxes_overlap|child_band_not_isolated|channel_bands_overlap|measurement_unavailable,parent_boxes_overlap|child_band_not_isolated|channel_bands_overlap|measurement_unavailable|generic_duhamel_ratio_decays_for_gamma_below_one,False,False
power_width,0.85,0.85,,24,14,13,0.5833333333333334,power_floor,78732,,0.8660254037844384,False,,,,False,False,,1000000000,0,False,False,False,False,0.041666666666666664,,,,,,,,,,,,,,,unavailable-parent-overlap,,,,,,,unavailable-parent-overlap,,,,,,False,unavailable-parent-overlap,,,,,,,False,null,null,"{""child+|harmonic_p+"":243,""child+|harmonic_q+"":243,""child-|harmonic_p-"":243,""child-|harmonic_q-"":243,""difference+|low"":243,""difference-|low"":243,""full_child+|full_difference+"":1325,""full_child+|full_difference-"":1325,""full_child+|full_harmonic_p+"":44573,""full_child+|full_harmonic_q+"":44573,""full_child+|full_low"":4205,""full_child+|parent_p+"":6912,""full_child+|parent_q+"":6912,""full_child-|full_difference+"":1325,""full_child-|full_difference-"":1325,""full_child-|full_harmonic_p-"":44573,""full_child-|full_harmonic_q-"":44573,""full_child-|full_low"":4205,""full_child-|parent_p-"":6912,""full_child-|parent_q-"":6912,""full_difference+|full_difference-"":1325,""full_difference+|full_harmonic_p+"":4205,""full_difference+|full_harmonic_q-"":4205,""full_difference+|full_low"":44573,""full_difference-|full_harmonic_p-"":4205,""full_difference-|full_harmonic_q+"":4205,""full_difference-|full_low"":44573,""full_harmonic_p+|full_harmonic_q+"":1325,""full_harmonic_p+|full_low"":1325,""full_harmonic_p-|full_harmonic_q-"":1325,""full_harmonic_p-|full_low"":1325,""full_harmonic_q+|full_low"":1325,""full_harmonic_q-|full_low"":1325,""parent_p+|parent_q+"":243,""parent_p-|parent_q-"":243}",2.275,1.275,0.2749999999999999,-0.4500000000000002,True,True,False,False,parent_boxes_overlap|child_band_not_isolated|channel_bands_overlap|measurement_unavailable,parent_boxes_overlap|child_band_not_isolated|channel_bands_overlap|measurement_unavailable|generic_duhamel_ratio_decays_for_gamma_below_one,False,False
power_width,0.85,0.85,,32,19,18,0.59375,power_floor,202612,,0.8660254037844384,False,,,,False,False,,1000000000,0,False,False,False,False,0.03125,,,,,,,,,,,,,,,unavailable-parent-overlap,,,,,,,unavailable-parent-overlap,,,,,,False,unavailable-parent-overlap,,,,,,,False,null,null,"{""child+|harmonic_p+"":925,""child+|harmonic_q+"":925,""child-|harmonic_p-"":925,""child-|harmonic_q-"":925,""difference+|low"":925,""difference-|low"":925,""full_child+|full_difference+"":5913,""full_child+|full_difference-"":5913,""full_child+|full_harmonic_p+"":122713,""full_child+|full_harmonic_q+"":122713,""full_child+|full_low"":15129,""full_child+|parent_p+"":19573,""full_child+|parent_q+"":19573,""full_child-|full_difference+"":5913,""full_child-|full_difference-"":5913,""full_child-|full_harmonic_p-"":122713,""full_child-|full_harmonic_q-"":122713,""full_child-|full_low"":15129,""full_child-|parent_p-"":19573,""full_child-|parent_q-"":19573,""full_difference+|full_difference-"":5913,""full_difference+|full_harmonic_p+"":15129,""full_difference+|full_harmonic_q-"":15129,""full_difference+|full_low"":122713,""full_difference-|full_harmonic_p-"":15129,""full_difference-|full_harmonic_q+"":15129,""full_difference-|full_low"":122713,""full_harmonic_p+|full_harmonic_q+"":5913,""full_harmonic_p+|full_low"":5913,""full_harmonic_p-|full_harmonic_q-"":5913,""full_harmonic_p-|full_low"":5913,""full_harmonic_q+|full_low"":5913,""full_harmonic_q-|full_low"":5913,""parent_p+|parent_q+"":925,""parent_p-|parent_q-"":925}",2.275,1.275,0.2749999999999999,-0.4500000000000002,True,True,False,False,parent_boxes_overlap|child_band_not_isolated|channel_bands_overlap|measurement_unavailable,parent_boxes_overlap|child_band_not_isolated|channel_bands_overlap|measurement_unavailable|generic_duhamel_ratio_decays_for_gamma_below_one,False,False
power_width,0.85,0.85,,48,26,25,0.5416666666666666,power_floor,530604,,0.8660254037844384,False,,,,False,False,,1000000000,0,False,False,False,False,0.020833333333333332,,,,,,,,,,,,,,,unavailable-parent-overlap,,,,,,,unavailable-parent-overlap,,,,,,False,unavailable-parent-overlap,,,,,,,False,null,null,"{""child+|harmonic_p+"":459,""child+|harmonic_q+"":459,""child-|harmonic_p-"":459,""child-|harmonic_q-"":459,""difference+|low"":459,""difference-|low"":459,""full_child+|full_difference+"":2525,""full_child+|full_difference-"":2525,""full_child+|full_harmonic_p+"":283709,""full_child+|full_harmonic_q+"":283709,""full_child+|full_low"":14045,""full_child+|parent_p+"":39984,""full_child+|parent_q+"":39984,""full_child-|full_difference+"":2525,""full_child-|full_difference-"":2525,""full_child-|full_harmonic_p-"":283709,""full_child-|full_harmonic_q-"":283709,""full_child-|full_low"":14045,""full_child-|parent_p-"":39984,""full_child-|parent_q-"":39984,""full_difference+|full_difference-"":2525,""full_difference+|full_harmonic_p+"":14045,""full_difference+|full_harmonic_q-"":14045,""full_difference+|full_low"":283709,""full_difference-|full_harmonic_p-"":14045,""full_difference-|full_harmonic_q+"":14045,""full_difference-|full_low"":283709,""full_harmonic_p+|full_harmonic_q+"":2525,""full_harmonic_p+|full_low"":2525,""full_harmonic_p-|full_harmonic_q-"":2525,""full_harmonic_p-|full_low"":2525,""full_harmonic_q+|full_low"":2525,""full_harmonic_q-|full_low"":2525,""parent_p+|parent_q+"":459,""parent_p-|parent_q-"":459}",2.275,1.275,0.2749999999999999,-0.4500000000000002,True,True,False,False,parent_boxes_overlap|child_band_not_isolated|channel_bands_overlap|measurement_unavailable,parent_boxes_overlap|child_band_not_isolated|channel_bands_overlap|measurement_unavailable|generic_duhamel_ratio_decays_for_gamma_below_one,False,False
power_width,0.85,0.85,,64,34,33,0.53125,power_floor,1203052,,0.8660254037844384,False,,,,False,False,,1000000000,0,False,False,False,False,0.015625,,,,,,,,,,,,,,,unavailable-parent-overlap,,,,,,,unavailable-parent-overlap,,,,,,False,unavailable-parent-overlap,,,,,,,False,null,null,"{""child+|harmonic_p+"":603,""child+|harmonic_q+"":603,""child-|harmonic_p-"":603,""child-|harmonic_q-"":603,""difference+|low"":603,""difference-|low"":603,""full_child+|full_difference+"":3325,""full_child+|full_difference-"":3325,""full_child+|full_harmonic_p+"":633213,""full_child+|full_harmonic_q+"":633213,""full_child+|full_low"":23805,""full_child+|parent_p+"":86832,""full_child+|parent_q+"":86832,""full_child-|full_difference+"":3325,""full_child-|full_difference-"":3325,""full_child-|full_harmonic_p-"":633213,""full_child-|full_harmonic_q-"":633213,""full_child-|full_low"":23805,""full_child-|parent_p-"":86832,""full_child-|parent_q-"":86832,""full_difference+|full_difference-"":3325,""full_difference+|full_harmonic_p+"":23805,""full_difference+|full_harmonic_q-"":23805,""full_difference+|full_low"":633213,""full_difference-|full_harmonic_p-"":23805,""full_difference-|full_harmonic_q+"":23805,""full_difference-|full_low"":633213,""full_harmonic_p+|full_harmonic_q+"":3325,""full_harmonic_p+|full_low"":3325,""full_harmonic_p-|full_harmonic_q-"":3325,""full_harmonic_p-|full_low"":3325,""full_harmonic_q+|full_low"":3325,""full_harmonic_q-|full_low"":3325,""parent_p+|parent_q+"":603,""parent_p-|parent_q-"":603}",2.275,1.275,0.2749999999999999,-0.4500000000000002,True,True,False,False,parent_boxes_overlap|child_band_not_isolated|channel_bands_overlap|measurement_unavailable,parent_boxes_overlap|child_band_not_isolated|channel_bands_overlap|measurement_unavailable|generic_duhamel_ratio_decays_for_gamma_below_one,False,False
power_width,0.9,0.9,,8,6,5,0.75,power_floor,5324,,0.8660254037844384,False,,,,False,False,,1000000000,0,False,False,False,False,0.125,,,,,,,,,,,,,,,unavailable-parent-overlap,,,,,,,unavailable-parent-overlap,,,,,,False,unavailable-parent-overlap,,,,,,,False,null,null,"{""child+|harmonic_p+"":99,""child+|harmonic_q+"":99,""child-|harmonic_p-"":99,""child-|harmonic_q-"":99,""difference+|low"":99,""difference-|low"":99,""full_child+|full_difference+"":525,""full_child+|full_difference-"":525,""full_child+|full_harmonic_p+"":3549,""full_child+|full_harmonic_q+"":3549,""full_child+|full_low"":845,""full_child+|parent_p+"":704,""full_child+|parent_q+"":704,""full_child-|full_difference+"":525,""full_child-|full_difference-"":525,""full_child-|full_harmonic_p-"":3549,""full_child-|full_harmonic_q-"":3549,""full_child-|full_low"":845,""full_child-|parent_p-"":704,""full_child-|parent_q-"":704,""full_difference+|full_difference-"":525,""full_difference+|full_harmonic_p+"":845,""full_difference+|full_harmonic_q-"":845,""full_difference+|full_low"":3549,""full_difference-|full_harmonic_p-"":845,""full_difference-|full_harmonic_q+"":845,""full_difference-|full_low"":3549,""full_harmonic_p+|full_harmonic_q+"":525,""full_harmonic_p+|full_low"":525,""full_harmonic_p-|full_harmonic_q-"":525,""full_harmonic_p-|full_low"":525,""full_harmonic_q+|full_low"":525,""full_harmonic_q-|full_low"":525,""parent_p+|parent_q+"":99,""parent_p-|parent_q-"":99}",2.35,1.35,0.3500000000000001,-0.2999999999999998,True,True,False,False,parent_boxes_overlap|child_band_not_isolated|channel_bands_overlap|measurement_unavailable,parent_boxes_overlap|child_band_not_isolated|channel_bands_overlap|measurement_unavailable|generic_duhamel_ratio_decays_for_gamma_below_one,False,False
power_width,0.9,0.9,,12,9,8,0.75,power_floor,19652,,0.8660254037844384,False,,,,False,False,,1000000000,0,False,False,False,False,0.08333333333333333,,,,,,,,,,,,,,,unavailable-parent-overlap,,,,,,,unavailable-parent-overlap,,,,,,False,unavailable-parent-overlap,,,,,,,False,null,null,"{""child+|harmonic_p+"":425,""child+|harmonic_q+"":425,""child-|harmonic_p-"":425,""child-|harmonic_q-"":425,""difference+|low"":425,""difference-|low"":425,""full_child+|full_difference+"":2673,""full_child+|full_difference-"":2673,""full_child+|full_harmonic_p+"":14553,""full_child+|full_harmonic_q+"":14553,""full_child+|full_low"":3969,""full_child+|parent_p+"":2873,""full_child+|parent_q+"":2873,""full_child-|full_difference+"":2673,""full_child-|full_difference-"":2673,""full_child-|full_harmonic_p-"":14553,""full_child-|full_harmonic_q-"":14553,""full_child-|full_low"":3969,""full_child-|parent_p-"":2873,""full_child-|parent_q-"":2873,""full_difference+|full_difference-"":2673,""full_difference+|full_harmonic_p+"":3969,""full_difference+|full_harmonic_q-"":3969,""full_difference+|full_low"":14553,""full_difference-|full_harmonic_p-"":3969,""full_difference-|full_harmonic_q+"":3969,""full_difference-|full_low"":14553,""full_harmonic_p+|full_harmonic_q+"":2673,""full_harmonic_p+|full_low"":2673,""full_harmonic_p-|full_harmonic_q-"":2673,""full_harmonic_p-|full_low"":2673,""full_harmonic_q+|full_low"":2673,""full_harmonic_q-|full_low"":2673,""parent_p+|parent_q+"":425,""parent_p-|parent_q-"":425}",2.35,1.35,0.3500000000000001,-0.2999999999999998,True,True,False,False,parent_boxes_overlap|child_band_not_isolated|channel_bands_overlap|measurement_unavailable,parent_boxes_overlap|child_band_not_isolated|channel_bands_overlap|measurement_unavailable|generic_duhamel_ratio_decays_for_gamma_below_one,False,False
power_width,0.9,0.9,,16,12,11,0.75,power_floor,48668,,0.8660254037844384,False,,,,False,False,,1000000000,0,False,False,False,False,0.0625,,,,,,,,,,,,,,,unavailable-parent-overlap,,,,,,,unavailable-parent-overlap,,,,,,False,unavailable-parent-overlap,,,,,,,False,null,null,"{""child+|harmonic_p+"":1127,""child+|harmonic_q+"":1127,""child-|harmonic_p-"":1127,""child-|harmonic_q-"":1127,""difference+|low"":1127,""difference-|low"":1127,""full_child+|full_difference+"":7605,""full_child+|full_difference-"":7605,""full_child+|full_harmonic_p+"":37845,""full_child+|full_harmonic_q+"":37845,""full_child+|full_low"":10933,""full_child+|parent_p+"":7452,""full_child+|parent_q+"":7452,""full_child-|full_difference+"":7605,""full_child-|full_difference-"":7605,""full_child-|full_harmonic_p-"":37845,""full_child-|full_harmonic_q-"":37845,""full_child-|full_low"":10933,""full_child-|parent_p-"":7452,""full_child-|parent_q-"":7452,""full_difference+|full_difference-"":7605,""full_difference+|full_harmonic_p+"":10933,""full_difference+|full_harmonic_q-"":10933,""full_difference+|full_low"":37845,""full_difference-|full_harmonic_p-"":10933,""full_difference-|full_harmonic_q+"":10933,""full_difference-|full_low"":37845,""full_harmonic_p+|full_harmonic_q+"":7605,""full_harmonic_p+|full_low"":7605,""full_harmonic_p-|full_harmonic_q-"":7605,""full_harmonic_p-|full_low"":7605,""full_harmonic_q+|full_low"":7605,""full_harmonic_q-|full_low"":7605,""parent_p+|parent_q+"":1127,""parent_p-|parent_q-"":1127}",2.35,1.35,0.3500000000000001,-0.2999999999999998,True,True,False,False,parent_boxes_overlap|child_band_not_isolated|channel_bands_overlap|measurement_unavailable,parent_boxes_overlap|child_band_not_isolated|channel_bands_overlap|measurement_unavailable|generic_duhamel_ratio_decays_for_gamma_below_one,False,False
power_width,0.9,0.9,,24,17,16,0.7083333333333334,power_floor,143748,,0.8660254037844384,False,,,,False,False,,1000000000,0,False,False,False,False,0.041666666666666664,,,,,,,,,,,,,,,unavailable-parent-overlap,,,,,,,unavailable-parent-overlap,,,,,,False,unavailable-parent-overlap,,,,,,,False,null,null,"{""child+|harmonic_p+"":2673,""child+|harmonic_q+"":2673,""child-|harmonic_p-"":2673,""child-|harmonic_q-"":2673,""difference+|low"":2673,""difference-|low"":2673,""full_child+|full_difference+"":18785,""full_child+|full_difference-"":18785,""full_child+|full_harmonic_p+"":109265,""full_child+|full_harmonic_q+"":109265,""full_child+|full_low"":28577,""full_child+|parent_p+"":20625,""full_child+|parent_q+"":20625,""full_child-|full_difference+"":18785,""full_child-|full_difference-"":18785,""full_child-|full_harmonic_p-"":109265,""full_child-|full_harmonic_q-"":109265,""full_child-|full_low"":28577,""full_child-|parent_p-"":20625,""full_child-|parent_q-"":20625,""full_difference+|full_difference-"":18785,""full_difference+|full_harmonic_p+"":28577,""full_difference+|full_harmonic_q-"":28577,""full_difference+|full_low"":109265,""full_difference-|full_harmonic_p-"":28577,""full_difference-|full_harmonic_q+"":28577,""full_difference-|full_low"":109265,""full_harmonic_p+|full_harmonic_q+"":18785,""full_harmonic_p+|full_low"":18785,""full_harmonic_p-|full_harmonic_q-"":18785,""full_harmonic_p-|full_low"":18785,""full_harmonic_q+|full_low"":18785,""full_harmonic_q-|full_low"":18785,""parent_p+|parent_q+"":2673,""parent_p-|parent_q-"":2673}",2.35,1.35,0.3500000000000001,-0.2999999999999998,True,True,False,False,parent_boxes_overlap|child_band_not_isolated|channel_bands_overlap|measurement_unavailable,parent_boxes_overlap|child_band_not_isolated|channel_bands_overlap|measurement_unavailable|generic_duhamel_ratio_decays_for_gamma_below_one,False,False
power_width,0.9,0.9,,32,22,21,0.6875,power_floor,318028,,0.8660254037844384,False,,,,False,False,,1000000000,0,False,False,False,False,0.03125,,,,,,,,,,,,,,,unavailable-parent-overlap,,,,,,,unavailable-parent-overlap,,,,,,False,unavailable-parent-overlap,,,,,,,False,null,null,"{""child+|harmonic_p+"":5203,""child+|harmonic_q+"":5203,""child-|harmonic_p-"":5203,""child-|harmonic_q-"":5203,""difference+|low"":5203,""difference-|low"":5203,""full_child+|full_difference+"":37485,""full_child+|full_difference-"":37485,""full_child+|full_harmonic_p+"":238765,""full_child+|full_harmonic_q+"":238765,""full_child+|full_low"":58989,""full_child+|parent_p+"":44032,""full_child+|parent_q+"":44032,""full_child-|full_difference+"":37485,""full_child-|full_difference-"":37485,""full_child-|full_harmonic_p-"":238765,""full_child-|full_harmonic_q-"":238765,""full_child-|full_low"":58989,""full_child-|parent_p-"":44032,""full_child-|parent_q-"":44032,""full_difference+|full_difference-"":37485,""full_difference+|full_harmonic_p+"":58989,""full_difference+|full_harmonic_q-"":58989,""full_difference+|full_low"":238765,""full_difference-|full_harmonic_p-"":58989,""full_difference-|full_harmonic_q+"":58989,""full_difference-|full_low"":238765,""full_harmonic_p+|full_harmonic_q+"":37485,""full_harmonic_p+|full_low"":37485,""full_harmonic_p-|full_harmonic_q-"":37485,""full_harmonic_p-|full_low"":37485,""full_harmonic_q+|full_low"":37485,""full_harmonic_q-|full_low"":37485,""parent_p+|parent_q+"":5203,""parent_p-|parent_q-"":5203}",2.35,1.35,0.3500000000000001,-0.2999999999999998,True,True,False,False,parent_boxes_overlap|child_band_not_isolated|channel_bands_overlap|measurement_unavailable,parent_boxes_overlap|child_band_not_isolated|channel_bands_overlap|measurement_unavailable|generic_duhamel_ratio_decays_for_gamma_below_one,False,False
power_width,0.9,0.9,,48,32,31,0.6666666666666666,power_floor,1000188,,0.8660254037844384,False,,,,False,False,,1000000000,0,False,False,False,False,0.020833333333333332,,,,,,,,,,,,,,,unavailable-parent-overlap,,,,,,,unavailable-parent-overlap,,,,,,False,unavailable-parent-overlap,,,,,,,False,null,null,"{""child+|harmonic_p+"":14175,""child+|harmonic_q+"":14175,""child-|harmonic_p-"":14175,""child-|harmonic_q-"":14175,""difference+|low"":14175,""difference-|low"":14175,""full_child+|full_difference+"":105125,""full_child+|full_difference-"":105125,""full_child+|full_harmonic_p+"":741125,""full_child+|full_harmonic_q+"":741125,""full_child+|full_low"":171941,""full_child+|parent_p+"":133308,""full_child+|parent_q+"":133308,""full_child-|full_difference+"":105125,""full_child-|full_difference-"":105125,""full_child-|full_harmonic_p-"":741125,""full_child-|full_harmonic_q-"":741125,""full_child-|full_low"":171941,""full_child-|parent_p-"":133308,""full_child-|parent_q-"":133308,""full_difference+|full_difference-"":105125,""full_difference+|full_harmonic_p+"":171941,""full_difference+|full_harmonic_q-"":171941,""full_difference+|full_low"":741125,""full_difference-|full_harmonic_p-"":171941,""full_difference-|full_harmonic_q+"":171941,""full_difference-|full_low"":741125,""full_harmonic_p+|full_harmonic_q+"":105125,""full_harmonic_p+|full_low"":105125,""full_harmonic_p-|full_harmonic_q-"":105125,""full_harmonic_p-|full_low"":105125,""full_harmonic_q+|full_low"":105125,""full_harmonic_q-|full_low"":105125,""parent_p+|parent_q+"":14175,""parent_p-|parent_q-"":14175}",2.35,1.35,0.3500000000000001,-0.2999999999999998,True,True,False,False,parent_boxes_overlap|child_band_not_isolated|channel_bands_overlap|measurement_unavailable,parent_boxes_overlap|child_band_not_isolated|channel_bands_overlap|measurement_unavailable|generic_duhamel_ratio_decays_for_gamma_below_one,False,False
power_width,0.9,0.9,,64,42,41,0.65625,power_floor,2287148,,0.8660254037844384,False,,,,False,False,,1000000000,0,False,False,False,False,0.015625,,,,,,,,,,,,,,,unavailable-parent-overlap,,,,,,,unavailable-parent-overlap,,,,,,False,unavailable-parent-overlap,,,,,,,False,null,null,"{""child+|harmonic_p+"":29963,""child+|harmonic_q+"":29963,""child-|harmonic_p-"":29963,""child-|harmonic_q-"":29963,""difference+|low"":29963,""difference-|low"":29963,""full_child+|full_difference+"":225885,""full_child+|full_difference-"":225885,""full_child+|full_harmonic_p+"":1683165,""full_child+|full_harmonic_q+"":1683165,""full_child+|full_low"":377437,""full_child+|parent_p+"":298800,""full_child+|parent_q+"":298800,""full_child-|full_difference+"":225885,""full_child-|full_difference-"":225885,""full_child-|full_harmonic_p-"":1683165,""full_child-|full_harmonic_q-"":1683165,""full_child-|full_low"":377437,""full_child-|parent_p-"":298800,""full_child-|parent_q-"":298800,""full_difference+|full_difference-"":225885,""full_difference+|full_harmonic_p+"":377437,""full_difference+|full_harmonic_q-"":377437,""full_difference+|full_low"":1683165,""full_difference-|full_harmonic_p-"":377437,""full_difference-|full_harmonic_q+"":377437,""full_difference-|full_low"":1683165,""full_harmonic_p+|full_harmonic_q+"":225885,""full_harmonic_p+|full_low"":225885,""full_harmonic_p-|full_harmonic_q-"":225885,""full_harmonic_p-|full_low"":225885,""full_harmonic_q+|full_low"":225885,""full_harmonic_q-|full_low"":225885,""parent_p+|parent_q+"":29963,""parent_p-|parent_q-"":29963}",2.35,1.35,0.3500000000000001,-0.2999999999999998,True,True,False,False,parent_boxes_overlap|child_band_not_isolated|channel_bands_overlap|measurement_unavailable,parent_boxes_overlap|child_band_not_isolated|channel_bands_overlap|measurement_unavailable|generic_duhamel_ratio_decays_for_gamma_below_one,False,False
power_width,0.95,0.95,,8,7,6,0.875,power_floor,8788,,0.8660254037844384,False,,,,False,False,,1000000000,0,False,False,False,False,0.125,,,,,,,,,,,,,,,unavailable-parent-overlap,,,,,,,unavailable-parent-overlap,,,,,,False,unavailable-parent-overlap,,,,,,,False,null,null,"{""child+|harmonic_p+"":325,""child+|harmonic_q+"":325,""child-|harmonic_p-"":325,""child-|harmonic_q-"":325,""difference+|low"":325,""difference-|low"":325,""full_child+|full_difference+"":2025,""full_child+|full_difference-"":2025,""full_child+|full_harmonic_p+"":7225,""full_child+|full_harmonic_q+"":7225,""full_child+|full_low"":2601,""full_child+|parent_p+"":1573,""full_child+|parent_q+"":1573,""full_child-|full_difference+"":2025,""full_child-|full_difference-"":2025,""full_child-|full_harmonic_p-"":7225,""full_child-|full_harmonic_q-"":7225,""full_child-|full_low"":2601,""full_child-|parent_p-"":1573,""full_child-|parent_q-"":1573,""full_difference+|full_difference-"":2025,""full_difference+|full_harmonic_p+"":2601,""full_difference+|full_harmonic_p-"":153,""full_difference+|full_harmonic_q+"":153,""full_difference+|full_harmonic_q-"":2601,""full_difference+|full_low"":7225,""full_difference-|full_harmonic_p+"":153,""full_difference-|full_harmonic_p-"":2601,""full_difference-|full_harmonic_q+"":2601,""full_difference-|full_harmonic_q-"":153,""full_difference-|full_low"":7225,""full_harmonic_p+|full_harmonic_q+"":2025,""full_harmonic_p+|full_low"":2025,""full_harmonic_p-|full_harmonic_q-"":2025,""full_harmonic_p-|full_low"":2025,""full_harmonic_q+|full_low"":2025,""full_harmonic_q-|full_low"":2025,""parent_p+|parent_q+"":325,""parent_p-|parent_q-"":325}",2.425,1.4249999999999998,0.4249999999999998,-0.15000000000000036,True,True,False,False,parent_boxes_overlap|child_band_not_isolated|channel_bands_overlap|measurement_unavailable,parent_boxes_overlap|child_band_not_isolated|channel_bands_overlap|measurement_unavailable|generic_duhamel_ratio_decays_for_gamma_below_one,False,False
power_width,0.95,0.95,,12,10,9,0.8333333333333334,power_floor,27436,,0.8660254037844384,False,,,,False,False,,1000000000,0,False,False,False,False,0.08333333333333333,,,,,,,,,,,,,,,unavailable-parent-overlap,,,,,,,unavailable-parent-overlap,,,,,,False,unavailable-parent-overlap,,,,,,,False,null,null,"{""child+|harmonic_p+"":931,""child+|harmonic_q+"":931,""child-|harmonic_p-"":931,""child-|harmonic_q-"":931,""difference+|low"":931,""difference-|low"":931,""full_child+|full_difference+"":6253,""full_child+|full_difference-"":6253,""full_child+|full_harmonic_p+"":23125,""full_child+|full_harmonic_q+"":23125,""full_child+|full_low"":8125,""full_child+|parent_p+"":4864,""full_child+|parent_q+"":4864,""full_child-|full_difference+"":6253,""full_child-|full_difference-"":6253,""full_child-|full_harmonic_p-"":23125,""full_child-|full_harmonic_q-"":23125,""full_child-|full_low"":8125,""full_child-|parent_p-"":4864,""full_child-|parent_q-"":4864,""full_difference+|full_difference-"":6253,""full_difference+|full_harmonic_p+"":8125,""full_difference+|full_harmonic_p-"":325,""full_difference+|full_harmonic_q+"":325,""full_difference+|full_harmonic_q-"":8125,""full_difference+|full_low"":23125,""full_difference-|full_harmonic_p+"":325,""full_difference-|full_harmonic_p-"":8125,""full_difference-|full_harmonic_q+"":8125,""full_difference-|full_harmonic_q-"":325,""full_difference-|full_low"":23125,""full_harmonic_p+|full_harmonic_q+"":6253,""full_harmonic_p+|full_low"":6253,""full_harmonic_p-|full_harmonic_q-"":6253,""full_harmonic_p-|full_low"":6253,""full_harmonic_q+|full_low"":6253,""full_harmonic_q-|full_low"":6253,""parent_p+|parent_q+"":931,""parent_p-|parent_q-"":931}",2.425,1.4249999999999998,0.4249999999999998,-0.15000000000000036,True,True,False,False,parent_boxes_overlap|child_band_not_isolated|channel_bands_overlap|measurement_unavailable,parent_boxes_overlap|child_band_not_isolated|channel_bands_overlap|measurement_unavailable|generic_duhamel_ratio_decays_for_gamma_below_one,False,False
power_width,0.95,0.95,,16,13,12,0.8125,power_floor,62500,,0.8660254037844384,False,,,,False,False,,1000000000,0,False,False,False,False,0.0625,,,,,,,,,,,,,,,unavailable-parent-overlap,,,,,,,unavailable-parent-overlap,,,,,,False,unavailable-parent-overlap,,,,,,,False,null,null,"{""child+|harmonic_p+"":2025,""child+|harmonic_q+"":2025,""child-|harmonic_p-"":2025,""child-|harmonic_q-"":2025,""difference+|low"":2025,""difference-|low"":2025,""full_child+|full_difference+"":14161,""full_child+|full_difference-"":14161,""full_child+|full_harmonic_p+"":53361,""full_child+|full_harmonic_q+"":53361,""full_child+|full_low"":18513,""full_child+|parent_p+"":11025,""full_child+|parent_q+"":11025,""full_child-|full_difference+"":14161,""full_child-|full_difference-"":14161,""full_child-|full_harmonic_p-"":53361,""full_child-|full_harmonic_q-"":53361,""full_child-|full_low"":18513,""full_child-|parent_p-"":11025,""full_child-|parent_q-"":11025,""full_difference+|full_difference-"":14161,""full_difference+|full_harmonic_p+"":18513,""full_difference+|full_harmonic_p-"":561,""full_difference+|full_harmonic_q+"":561,""full_difference+|full_harmonic_q-"":18513,""full_difference+|full_low"":53361,""full_difference-|full_harmonic_p+"":561,""full_difference-|full_harmonic_p-"":18513,""full_difference-|full_harmonic_q+"":18513,""full_difference-|full_harmonic_q-"":561,""full_difference-|full_low"":53361,""full_harmonic_p+|full_harmonic_q+"":14161,""full_harmonic_p+|full_low"":14161,""full_harmonic_p-|full_harmonic_q-"":14161,""full_harmonic_p-|full_low"":14161,""full_harmonic_q+|full_low"":14161,""full_harmonic_q-|full_low"":14161,""parent_p+|parent_q+"":2025,""parent_p-|parent_q-"":2025}",2.425,1.4249999999999998,0.4249999999999998,-0.15000000000000036,True,True,False,False,parent_boxes_overlap|child_band_not_isolated|channel_bands_overlap|measurement_unavailable,parent_boxes_overlap|child_band_not_isolated|channel_bands_overlap|measurement_unavailable|generic_duhamel_ratio_decays_for_gamma_below_one,False,False
power_width,0.95,0.95,,24,20,19,0.8333333333333334,power_floor,237276,,0.8660254037844384,False,,,,False,False,,1000000000,0,False,False,False,False,0.041666666666666664,,,,,,,,,,,,,,,unavailable-parent-overlap,,,,,,,unavailable-parent-overlap,,,,,,False,unavailable-parent-overlap,,,,,,,False,null,null,"{""child+|harmonic_p+"":8775,""child+|harmonic_q+"":8775,""child-|harmonic_p-"":8775,""child-|harmonic_q-"":8775,""difference+|low"":8775,""difference-|low"":8775,""full_child+|full_difference+"":64757,""full_child+|full_difference-"":64757,""full_child+|full_harmonic_p+"":216293,""full_child+|full_harmonic_q+"":216293,""full_child+|full_low"":81461,""full_child+|parent_p+"":45084,""full_child+|parent_q+"":45084,""full_child-|full_difference+"":64757,""full_child-|full_difference-"":64757,""full_child-|full_harmonic_p-"":216293,""full_child-|full_harmonic_q-"":216293,""full_child-|full_low"":81461,""full_child-|parent_p-"":45084,""full_child-|parent_q-"":45084,""full_difference+|full_difference-"":64757,""full_difference+|full_harmonic_p+"":81461,""full_difference+|full_harmonic_p-"":7685,""full_difference+|full_harmonic_q+"":7685,""full_difference+|full_harmonic_q-"":81461,""full_difference+|full_low"":216293,""full_difference-|full_harmonic_p+"":7685,""full_difference-|full_harmonic_p-"":81461,""full_difference-|full_harmonic_q+"":81461,""full_difference-|full_harmonic_q-"":7685,""full_difference-|full_low"":216293,""full_harmonic_p+|full_harmonic_q+"":64757,""full_harmonic_p+|full_low"":64757,""full_harmonic_p-|full_harmonic_q-"":64757,""full_harmonic_p-|full_low"":64757,""full_harmonic_q+|full_low"":64757,""full_harmonic_q-|full_low"":64757,""parent_p+|parent_q+"":8775,""parent_p-|parent_q-"":8775}",2.425,1.4249999999999998,0.4249999999999998,-0.15000000000000036,True,True,False,False,parent_boxes_overlap|child_band_not_isolated|channel_bands_overlap|measurement_unavailable,parent_boxes_overlap|child_band_not_isolated|channel_bands_overlap|measurement_unavailable|generic_duhamel_ratio_decays_for_gamma_below_one,False,False
power_width,0.95,0.95,,32,26,25,0.8125,power_floor,530604,,0.8660254037844384,False,,,,False,False,,1000000000,0,False,False,False,False,0.03125,,,,,,,,,,,,,,,unavailable-parent-overlap,,,,,,,unavailable-parent-overlap,,,,,,False,unavailable-parent-overlap,,,,,,,False,null,null,"{""child+|harmonic_p+"":18411,""child+|harmonic_q+"":18411,""child-|harmonic_p-"":18411,""child-|harmonic_q-"":18411,""difference+|low"":18411,""difference-|low"":18411,""full_child+|full_difference+"":138269,""full_child+|full_difference-"":138269,""full_child+|full_harmonic_p+"":480861,""full_child+|full_harmonic_q+"":480861,""full_child+|full_low"":176157,""full_child+|parent_p+"":98736,""full_child+|parent_q+"":98736,""full_child-|full_difference+"":138269,""full_child-|full_difference-"":138269,""full_child-|full_harmonic_p-"":480861,""full_child-|full_harmonic_q-"":480861,""full_child-|full_low"":176157,""full_child-|parent_p-"":98736,""full_child-|parent_q-"":98736,""full_difference+|full_difference-"":138269,""full_difference+|full_harmonic_p+"":176157,""full_difference+|full_harmonic_p-"":12765,""full_difference+|full_harmonic_q+"":12765,""full_difference+|full_harmonic_q-"":176157,""full_difference+|full_low"":480861,""full_difference-|full_harmonic_p+"":12765,""full_difference-|full_harmonic_p-"":176157,""full_difference-|full_harmonic_q+"":176157,""full_difference-|full_harmonic_q-"":12765,""full_difference-|full_low"":480861,""full_harmonic_p+|full_harmonic_q+"":138269,""full_harmonic_p+|full_low"":138269,""full_harmonic_p-|full_harmonic_q-"":138269,""full_harmonic_p-|full_low"":138269,""full_harmonic_q+|full_low"":138269,""full_harmonic_q-|full_low"":138269,""parent_p+|parent_q+"":18411,""parent_p-|parent_q-"":18411}",2.425,1.4249999999999998,0.4249999999999998,-0.15000000000000036,True,True,False,False,parent_boxes_overlap|child_band_not_isolated|channel_bands_overlap|measurement_unavailable,parent_boxes_overlap|child_band_not_isolated|channel_bands_overlap|measurement_unavailable|generic_duhamel_ratio_decays_for_gamma_below_one,False,False
power_width,0.95,0.95,,48,39,38,0.8125,power_floor,1826132,,0.8660254037844384,False,,,,False,False,,1000000000,0,False,False,False,False,0.020833333333333332,,,,,,,,,,,,,,,unavailable-parent-overlap,,,,,,,unavailable-parent-overlap,,,,,,False,unavailable-parent-overlap,,,,,,,False,null,null,"{""child+|harmonic_p+"":64757,""child+|harmonic_q+"":64757,""child-|harmonic_p-"":64757,""child-|harmonic_q-"":64757,""difference+|low"":64757,""difference-|low"":64757,""full_child+|full_difference+"":497097,""full_child+|full_difference-"":497097,""full_child+|full_harmonic_p+"":1686825,""full_child+|full_harmonic_q+"":1686825,""full_child+|full_low"":628425,""full_child+|parent_p+"":345653,""full_child+|parent_q+"":345653,""full_child-|full_difference+"":497097,""full_child-|full_difference-"":497097,""full_child-|full_harmonic_p-"":1686825,""full_child-|full_harmonic_q-"":1686825,""full_child-|full_low"":628425,""full_child-|parent_p-"":345653,""full_child-|parent_q-"":345653,""full_difference+|full_difference-"":497097,""full_difference+|full_harmonic_p+"":628425,""full_difference+|full_harmonic_p-"":53865,""full_difference+|full_harmonic_q+"":53865,""full_difference+|full_harmonic_q-"":628425,""full_difference+|full_low"":1686825,""full_difference-|full_harmonic_p+"":53865,""full_difference-|full_harmonic_p-"":628425,""full_difference-|full_harmonic_q+"":628425,""full_difference-|full_harmonic_q-"":53865,""full_difference-|full_low"":1686825,""full_harmonic_p+|full_harmonic_q+"":497097,""full_harmonic_p+|full_low"":497097,""full_harmonic_p-|full_harmonic_q-"":497097,""full_harmonic_p-|full_low"":497097,""full_harmonic_q+|full_low"":497097,""full_harmonic_q-|full_low"":497097,""parent_p+|parent_q+"":64757,""parent_p-|parent_q-"":64757}",2.425,1.4249999999999998,0.4249999999999998,-0.15000000000000036,True,True,False,False,parent_boxes_overlap|child_band_not_isolated|channel_bands_overlap|measurement_unavailable,parent_boxes_overlap|child_band_not_isolated|channel_bands_overlap|measurement_unavailable|generic_duhamel_ratio_decays_for_gamma_below_one,False,False
power_width,0.95,0.95,,64,51,50,0.796875,power_floor,4121204,,0.8660254037844384,False,,,,False,False,,1000000000,0,False,False,False,False,0.015625,,,,,,,,,,,,,,,unavailable-parent-overlap,,,,,,,unavailable-parent-overlap,,,,,,False,unavailable-parent-overlap,,,,,,,False,null,null,"{""child+|harmonic_p+"":138269,""child+|harmonic_q+"":138269,""child-|harmonic_p-"":138269,""child-|harmonic_q-"":138269,""difference+|low"":138269,""difference-|low"":138269,""full_child+|full_difference+"":1071129,""full_child+|full_difference-"":1071129,""full_child+|full_harmonic_p+"":3772569,""full_child+|full_harmonic_q+"":3772569,""full_child+|full_low"":1370137,""full_child+|parent_p+"":764469,""full_child+|parent_q+"":764469,""full_child-|full_difference+"":1071129,""full_child-|full_difference-"":1071129,""full_child-|full_harmonic_p-"":3772569,""full_child-|full_harmonic_q-"":3772569,""full_child-|full_low"":1370137,""full_child-|parent_p-"":764469,""full_child-|parent_q-"":764469,""full_difference+|full_difference-"":1071129,""full_difference+|full_harmonic_p+"":1370137,""full_difference+|full_harmonic_p-"":90009,""full_difference+|full_harmonic_q+"":90009,""full_difference+|full_harmonic_q-"":1370137,""full_difference+|full_low"":3772569,""full_difference-|full_harmonic_p+"":90009,""full_difference-|full_harmonic_p-"":1370137,""full_difference-|full_harmonic_q+"":1370137,""full_difference-|full_harmonic_q-"":90009,""full_difference-|full_low"":3772569,""full_harmonic_p+|full_harmonic_q+"":1071129,""full_harmonic_p+|full_low"":1071129,""full_harmonic_p-|full_harmonic_q-"":1071129,""full_harmonic_p-|full_low"":1071129,""full_harmonic_q+|full_low"":1071129,""full_harmonic_q-|full_low"":1071129,""parent_p+|parent_q+"":138269,""parent_p-|parent_q-"":138269}",2.425,1.4249999999999998,0.4249999999999998,-0.15000000000000036,True,True,False,False,parent_boxes_overlap|child_band_not_isolated|channel_bands_overlap|measurement_unavailable,parent_boxes_overlap|child_band_not_isolated|channel_bands_overlap|measurement_unavailable|generic_duhamel_ratio_decays_for_gamma_below_one,False,False
