group,wall_radius,nr,nz,snapshot_index,time,checkpoint,core_max_cartesian_vorticity,core_amplification,core_amplification_denominator,core_argmax_u1_r,core_argmax_u1_z,core_argmax_abs_u1_r,core_argmax_abs_u1_z,core_max_abs_u1,core_max_abs_psi1,core_max_abs_psi1_z,core_energy,tail_max_abs_u1,tail_max_abs_omega1,tail_row_count,global_max_cartesian_vorticity,global_max_abs_u1,global_max_abs_psi1,psi_cross_solver_max_abs_difference,psi_cross_solver_relative_difference,psi_cross_solver_relative_denominator,psi_cross_solver_argmax_r,psi_cross_solver_argmax_z,solver_b_boundary_error_max,solver_b_physical_defect_max
core_dr192,1.0,193,384,0,0.0,checkpoint_core_dr192_R1_t000.npz,7561.484634978418,1.0,7561.484634978418,0.0,0.08333333333333333,0.0,0.08333333333333333,3265.5882935410696,0.0,0.0,4008.105579707901,,,0,7561.484634978418,3265.5882935410696,0.0,0.0,0.0,0.0,0.0,0.0,0.0,0.0
core_dr192,1.0,193,384,1,0.0005,checkpoint_core_dr192_R1_t001.npz,9107.765691451285,1.2044943726156603,7561.484634978418,0.0,0.04427083333333333,0.0,0.9557291666666666,2034.8937585369072,59.842380884596636,1817.3739657913316,4007.179832877759,,,0,9107.765691451285,2034.8937585369072,59.842380884596636,0.006297333658089599,0.0001052320038909168,59.842380884596636,0.005208333333333333,0.71875,0.0,62.09574190634885
core_dr192,1.0,193,384,2,0.001,checkpoint_core_dr192_R1_t002.npz,12334.686702962212,1.6312519694748302,7561.484634978418,0.05208333333333333,0.041666666666666664,0.05208333333333333,0.9583333333333333,2233.3526601604253,81.09059530786678,2293.345100830568,4005.7456590327615,,,0,12334.686702962212,2233.3526601604253,81.09059530786678,0.009599417996563275,0.00011837893112164654,81.09059530786678,0.020833333333333332,0.09635416666666666,0.0,130.0037501705956
core_dr192,1.0,193,384,3,0.0015,checkpoint_core_dr192_R1_t003.npz,17863.270414919174,2.3624025277107714,7561.484634978418,0.0625,0.03125,0.0625,0.96875,3149.8425310488424,89.50094775775162,3254.6339918610083,4003.7769750708444,,,0,17863.270414919174,3149.8425310488424,89.50094775775162,0.036227981150801725,0.0004047776259180903,89.50094775775162,0.005208333333333333,0.033854166666666664,0.0,1028.6415129050456
core_dr192,1.0,193,384,4,0.002191729,checkpoint_core_dr192_R1_t004.npz,118170.54115974967,15.627954940635405,7561.484634978418,0.03125,0.010416666666666666,0.03125,0.010416666666666666,18718.097999802423,157.1715103736634,17741.049183634495,3997.6720243816394,,,0,118170.54115974967,18718.097999802423,157.1715103736634,0.7246116684269737,0.004610324521945893,157.1715103736634,0.005208333333333333,0.9817708333333333,0.0,129772.17405610438
core_dr192,1.5,289,384,0,0.0,checkpoint_core_dr192_R1p5_t000.npz,7561.484634978418,1.0,7561.484634978418,0.0,0.08333333333333333,0.0,0.08333333333333333,3265.5882935410696,0.0,0.0,4008.105579707901,0.0,0.0,77,7561.484634978418,3265.5882935410696,0.0,0.0,0.0,0.0,0.0,0.0,0.0,0.0
core_dr192,1.5,289,384,1,0.0005,checkpoint_core_dr192_R1p5_t001.npz,9107.780804353008,1.2044963712842356,7561.484634978418,0.0,0.04427083333333333,0.0,0.04427083333333333,2034.8894756935533,59.84300005244222,1817.3660133436942,4007.179457927572,2.3387356822228837e-111,3.0137199134493593,77,9107.780804353008,2034.8894756935533,59.84300005244222,0.006297635526706813,0.00010523595944701979,59.84300005244222,0.005208333333333333,0.28125,0.0,62.09603917023924
core_dr192,1.5,289,384,2,0.001,checkpoint_core_dr192_R1p5_t002.npz,12334.77971520505,1.631264270265922,7561.484634978418,0.05208333333333333,0.041666666666666664,0.05208333333333333,0.9583333333333333,2233.3317553470647,81.09165458928959,2293.3193986646866,4005.744199998794,9.397742204422716e-100,5.878433988940763,77,12334.77971520505,2233.3317553470647,81.09165458928959,0.009598942792786502,0.00011837152468281625,81.09165458928959,0.020833333333333332,0.9036458333333333,0.0,130.0074880035245
core_dr192,1.5,289,384,3,0.0015,checkpoint_core_dr192_R1p5_t003.npz,17863.67405261853,2.3624559084579184,7561.484634978418,0.0625,0.03125,0.0625,0.96875,3149.785124985581,89.50224204206918,3254.5741172376497,4003.7737874927275,2.633691579793245e-92,8.605831025507992,77,17863.67405261853,3149.785124985581,89.50224204206918,0.03622636022500103,0.0004047536620141133,89.50224204206918,0.005208333333333333,0.9661458333333333,0.0,1028.743326373271
core_dr192,1.5,289,384,4,0.002191729,checkpoint_core_dr192_R1p5_t004.npz,118189.34690580606,15.6304419847761,7561.484634978418,0.03125,0.010416666666666666,0.03125,0.010416666666666666,18719.970765112637,157.16484647326286,17742.572878318064,3997.66549927612,7.792791392954898e-85,12.105942828343562,77,118189.34690580606,18719.970765112637,157.16484647326286,0.7246236820737977,0.004610596442742505,157.16484647326286,0.005208333333333333,0.9817708333333333,0.0,129823.85163528472
core_dr192,2.0,385,384,0,0.0,checkpoint_core_dr192_R2_t000.npz,7561.484634978418,1.0,7561.484634978418,0.0,0.08333333333333333,0.0,0.08333333333333333,3265.5882935410696,0.0,0.0,4008.105579707901,0.0,0.0,173,7561.484634978418,3265.5882935410696,0.0,0.0,0.0,0.0,0.0,0.0,0.0,0.0
core_dr192,2.0,385,384,1,0.0005,checkpoint_core_dr192_R2_t001.npz,9107.780831453827,1.2044963748682962,7561.484634978418,0.0,0.04427083333333333,0.0,0.04427083333333333,2034.8894680134315,59.843001162747896,1817.3659990831718,4007.1794589658784,2.3822555144814736e-111,0.08360499733729239,173,9107.780831453827,2034.8894680134315,59.843001162747896,0.006297636104491744,0.00010523596714952199,59.843001162747896,0.005208333333333333,0.71875,0.0,62.096039703865245
core_dr192,2.0,385,384,2,0.001,checkpoint_core_dr192_R2_t002.npz,12334.779881993747,1.6312642923235872,7561.484634978418,0.05208333333333333,0.041666666666666664,0.05208333333333333,0.9583333333333333,2233.3317178601696,81.09165648879495,2293.3193525754255,4005.7442041090612,9.698427195571327e-100,0.16307902557438103,173,12334.779881993747,2233.3317178601696,81.09165648879495,0.009598941898678603,0.00011837151088416799,81.09165648879495,0.020833333333333332,0.9036458333333333,0.0,130.00749470404844
core_dr192,2.0,385,384,3,0.0015,checkpoint_core_dr192_R2_t003.npz,17863.674776407937,2.36245600417846,7561.484634978418,0.0625,0.03125,0.0625,0.03125,3149.7850220432283,89.50224436292652,3254.5740098700967,4003.7737966729774,2.743570429960471e-92,0.2387461076295366,173,17863.674776407937,3149.7850220432283,89.50224436292652,0.03622635734150492,0.00040475361930153507,89.50224436292652,0.005208333333333333,0.9661458333333333,0.0,1028.7435078432018
core_dr192,2.0,385,384,4,0.002191729,checkpoint_core_dr192_R2_t004.npz,118189.38062321358,15.630446443874963,7561.484634978418,0.03125,0.010416666666666666,0.03125,0.010416666666666666,18719.97412237165,157.16483451989583,17742.57561049588,3997.6655184197575,8.191361525567908e-85,0.3358549475820183,173,118189.38062321358,18719.97412237165,157.16483451989583,0.7246237036146113,0.00461059693046589,157.16483451989583,0.005208333333333333,0.9817708333333333,0.0,129823.9442920275
core_dr192,3.0,577,384,0,0.0,checkpoint_core_dr192_R3_t000.npz,7561.484634978418,1.0,7561.484634978418,0.0,0.08333333333333333,0.0,0.08333333333333333,3265.5882935410696,0.0,0.0,4008.105579707901,0.0,0.0,365,7561.484634978418,3265.5882935410696,0.0,0.0,0.0,0.0,0.0,0.0,0.0,0.0
core_dr192,3.0,577,384,1,0.0005,checkpoint_core_dr192_R3_t001.npz,9107.780831503524,1.2044963748748685,7561.484634978418,0.0,0.04427083333333333,0.0,0.04427083333333333,2034.8894679993452,59.843001164784326,1817.3659990570166,4007.1794589677893,2.3823360414492376e-111,8.40354019328213e-05,365,9107.780831503524,2034.8894679993452,59.843001164784326,0.006297636105642823,0.00010523596716517585,59.843001164784326,0.005208333333333333,0.28125,0.0,62.09603970020544
core_dr192,3.0,577,384,2,0.001,checkpoint_core_dr192_R3_t002.npz,12334.779882299727,1.6312642923640526,7561.484634978418,0.05208333333333333,0.041666666666666664,0.05208333333333333,0.041666666666666664,2233.3317177914114,81.09165649227891,2293.3193524908943,4005.7442041166228,9.698987041689614e-100,0.00016392129710935186,365,12334.779882299727,2233.3317177914114,81.09165649227891,0.00959894189701771,0.00011837151085860068,81.09165649227891,0.020833333333333332,0.9036458333333333,0.0,130.00749471844028
core_dr192,3.0,577,384,3,0.0015,checkpoint_core_dr192_R3_t003.npz,17863.674777736236,2.3624560043541267,7561.484634978418,0.0625,0.03125,0.0625,0.96875,3149.785021854433,89.50224436718322,3254.574009673175,4003.773796689865,2.743775928335576e-92,0.00023998312822740724,365,17863.674777736236,3149.785021854433,89.50224436718322,0.03622635733626112,0.00040475361922369656,89.50224436718322,0.005208333333333333,0.9661458333333333,0.0,1028.7435081753138
core_dr192,3.0,577,384,4,0.002191729,checkpoint_core_dr192_R3_t004.npz,118189.3806850542,15.630446452053333,7561.484634978418,0.03125,0.010416666666666666,0.03125,0.010416666666666666,18719.974128542308,157.16483449797113,17742.57561550661,3997.665518454968,8.192110138273718e-85,0.0003376027453818805,365,118189.3806850542,18719.974128542308,157.16483449797113,0.724623703654089,0.004610596931360261,157.16483449797113,0.005208333333333333,0.9817708333333333,0.0,129823.94446201576
core_dr128,1.0,129,384,0,0.0,checkpoint_core_dr128_R1_t000.npz,7562.924892101722,1.0,7562.924892101722,0.0,0.08333333333333333,0.0,0.08333333333333333,3265.5882935410696,0.0,0.0,4008.10586081935,,,0,7562.924892101722,3265.5882935410696,0.0,0.0,0.0,0.0,0.0,0.0,0.0,0.0
core_dr128,1.0,129,384,1,0.0005,checkpoint_core_dr128_R1_t001.npz,9104.631948718159,1.2038506369706918,7562.924892101722,0.0,0.04427083333333333,0.0,0.9557291666666666,2034.9978442011275,59.85404054997557,1817.578462628795,4007.064050091812,,,0,9104.631948718159,2034.9978442011275,59.85404054997557,0.014105701228203316,0.00023566832077820472,59.85404054997557,0.0078125,0.28125,0.0,62.08349967990216
core_dr128,1.0,129,384,2,0.001,checkpoint_core_dr128_R1_t002.npz,12341.718733470727,1.6318711225546743,7562.924892101722,0.046875,0.041666666666666664,0.046875,0.041666666666666664,2232.494812305094,81.08874486103346,2292.404748278137,4005.3833177735123,,,0,12341.718733470727,2232.494812305094,81.08874486103346,0.021423052742060023,0.00026419267900587145,81.08874486103346,0.0234375,0.09635416666666666,0.0,130.0973624019971
core_dr128,1.0,129,384,3,0.0015,checkpoint_core_dr128_R1_t003.npz,17920.638495838757,2.3695380757455395,7562.924892101722,0.0625,0.03125,0.0625,0.96875,3150.9889431601255,89.49067355979508,3257.9054883397343,4003.247652876019,,,0,17920.638495838757,3150.9889431601255,89.49067355979508,0.07560992120930621,0.0008448916317384274,89.49067355979508,0.0078125,0.9661458333333333,0.0,1040.7568920706708
core_dr128,1.0,129,384,4,0.002191729,checkpoint_core_dr128_R1_t004.npz,144638.549924748,19.12468416495846,7562.924892101722,0.03125,0.010416666666666666,0.03125,0.010416666666666666,19942.25981308912,157.4818673808312,19002.914978974946,3999.6642899524145,,,0,144638.549924748,19942.25981308912,157.4818673808312,1.4444190215526476,0.009171970370783546,157.4818673808312,0.0078125,0.9817708333333333,0.0,166333.92934851348
core_dr128,2.0,257,384,0,0.0,checkpoint_core_dr128_R2_t000.npz,7562.924892101722,1.0,7562.924892101722,0.0,0.08333333333333333,0.0,0.08333333333333333,3265.5882935410696,0.0,0.0,4008.10586081935,0.0,0.0,116,7562.924892101722,3265.5882935410696,0.0,0.0,0.0,0.0,0.0,0.0,0.0,0.0
core_dr128,2.0,257,384,1,0.0005,checkpoint_core_dr128_R2_t001.npz,9104.646444998558,1.2038525537265243,7562.924892101722,0.0,0.04427083333333333,0.0,0.9557291666666666,2034.9935514057822,59.85466101193403,1817.570492230889,4007.063621433541,4.0947886091344424e-82,0.05633540752877584,116,9104.646444998558,2034.9935514057822,59.85466101193403,0.014106382010488971,0.00023567725172942493,59.85466101193403,0.0078125,0.28125,0.0,62.083797741921444
core_dr128,2.0,257,384,2,0.001,checkpoint_core_dr128_R2_t002.npz,12341.811825513085,1.631883431554656,7562.924892101722,0.046875,0.041666666666666664,0.046875,0.9583333333333333,2232.4746963566795,81.08980608931174,2292.379052612667,4005.3816433227657,8.961979984302779e-74,0.11082663049078659,116,12341.811825513085,2232.4746963566795,81.08980608931174,0.021421983296722402,0.00026417603309013195,81.08980608931174,0.0234375,0.9036458333333333,0.0,130.10109648846264
core_dr128,2.0,257,384,3,0.0015,checkpoint_core_dr128_R2_t003.npz,17921.035808962042,2.3695906100664477,7562.924892101722,0.0625,0.03125,0.0625,0.03125,3150.9310242701063,89.49196986189311,3257.846768206034,4003.243971605922,2.3210833136272925e-68,0.16361555679474077,116,17921.035808962042,3150.9310242701063,89.49196986189311,0.0756065893115192,0.0008448421621313926,89.49196986189311,0.0078125,0.9661458333333333,0.0,1040.8801530072678
core_dr128,2.0,257,384,4,0.002191729,checkpoint_core_dr128_R2_t004.npz,144674.77724437192,19.129474285201724,7562.924892101722,0.03125,0.010416666666666666,0.03125,0.010416666666666666,19944.28306163811,157.472773813941,19004.559149489964,3999.6569782982183,6.075776744236934e-63,0.23281077078537998,116,144674.77724437192,19944.28306163811,157.472773813941,1.444429198482311,0.009172564650375368,157.472773813941,0.0078125,0.9817708333333333,0.0,166362.47907696874
