axial_case,points_per_unit_radius,wall_radius,kr,nr,response_max_abs,response_relative_to_reference_core_max,argmax_r,argmax_z,response_spread_over_abs_mean,oracle_amplitude,oracle_predicted_response,floor_margin,oracle_comparable
k0,64,1.0,0.0,65,0.002228533695428256,0.08892092050577077,0.375,0.0,1.1481617407512863e-14,0.00222716552734375,0.0022285336954282566,25029014028451.93,True
k0,64,1.5,0.0,97,0.0009708403613114605,0.03873758730642866,0.078125,0.0,2.7695813801271086e-14,0.0009702114378375771,0.000970807447567512,10903291825445.547,True
k0,64,2.0,0.0,129,0.0005306275470344721,0.021172616786015043,0.109375,0.0,1.5528663291117466e-14,0.0005302775065104166,0.0005306032608162515,5959289054393.314,True
k0,64,3.0,0.0,193,0.0002161834257617401,0.008625954032582294,0.328125,0.0,1.1234038214586389e-13,0.00021603898413387343,0.00021617169885106542,2427858503641.721,True
k0,64,4.0,0.0,257,0.00010612672387990546,0.004234571815998267,0.09375,0.0,6.538309720895181e-14,0.00010605550130208333,0.0001061206521632503,1191857810878.663,True
k0,128,1.0,0.0,129,0.002227507565965832,0.08895415129259802,0.8984375,0.0,1.6743626510345936e-14,0.00222716552734375,0.002227507565965832,25038367663400.2,True
k0,128,1.5,0.0,193,0.0009703686643366648,0.038751078692553356,0.0,0.0,3.709467695056468e-14,0.0009702114378375771,0.0009703604387893484,10907366512980.334,True
k0,128,2.0,0.0,257,0.0005303650135746116,0.021179802205233217,0.015625,0.0,3.1072700121576927e-14,0.0005302775065104166,0.0005303589442775791,5961516110333.381,True
k0,128,3.0,0.0,385,0.00021607509307759384,0.008628826592493519,0.015625,0.0,9.834711756012557e-14,0.00021603898413387343,0.00021607216248345813,2428765822728.414,True
k0,128,4.0,0.0,513,0.00010607330618992925,0.004235972560135302,0.0390625,0.0,2.657525959844617e-13,0.00010605550130208333,0.00010607178885551582,1192303222066.6763,True
k0,256,1.0,0.0,257,0.0022272510367883636,0.0889625079236701,0.6015625,0.0,8.372777499586074e-14,0.00222716552734375,0.0022272510367883636,25040719845936.59,True
k0,256,1.5,0.0,385,0.0009702507441899291,0.03875447270748997,0.61328125,0.0,8.179699886981611e-14,0.0009702114378375771,0.0009702486879836433,10908391185090.543,True
k0,256,2.0,0.0,513,0.0005302993830852334,0.021181610106090723,0.6171875,0.0,7.850916812541963e-14,0.0005302775065104166,0.0005302978659019913,5962076153794.426,True
k0,256,3.0,0.0,769,0.00021604801127860038,0.008629549430126488,0.56640625,0.0,1.967188909072136e-13,0.00021603898413387343,0.00021604727870081124,2428993988582.914,True
k0,256,4.0,0.0,1025,0.00010605995247692235,0.004236325051269396,0.62109375,0.0,3.925455598568999e-13,0.00010605550130208333,0.00010605957318039825,1192415230758.8853,True
Lz1_m1,64,1.0,6.283185307179586,65,1.825033133402479e-05,0.0017504918324539594,0.890625,0.5,3.467661068811213,1.2362328609805179e-05,1.825033133402479e-05,492719647772.17175,True
Lz1_m1,64,1.5,9.42477796076938,97,3.280506955457576e-08,3.1465185627238054e-06,0.890625,0.5,3.4676610690283636,2.2162907524335336e-08,3.271878773095041e-08,883336815.7141888,True
Lz1_m1,64,2.0,12.566370614359172,129,6.019567193337773e-11,5.773705153067914e-09,0.890625,0.5,3.4676614355485156,4.0563177665512994e-11,5.988284697183702e-11,1616707.923135086,True
Lz1_m1,64,3.0,18.84955592153876,193,2.068386694559221e-16,1.9839059077421573e-14,0.890625,0.0,3.6234047552925595,1.3865485160715565e-16,2.0469420145437378e-16,5.5263026733971525,True
Lz1_m1,64,4.0,25.132741228718345,257,8.673617379884035e-19,8.319353826202206e-17,0.109375,0.15625,,4.787372727713243e-22,7.067530823516721e-22,1.908081137951682e-05,False
Lz1_m1,128,1.0,6.283185307179586,129,1.891993626240582e-05,0.0018158963567045277,0.8984375,0.5,3.552116497047669,1.2362328609805179e-05,1.891993626240582e-05,511129384712.372,True
Lz1_m1,128,1.5,9.42477796076938,193,3.394159893166946e-08,3.2576444754316285e-06,0.8984375,0.5,3.552116496715958,2.2162907524335336e-08,3.3919240539960625e-08,916341382.2672396,True
Lz1_m1,128,2.0,12.566370614359172,257,6.216093372186145e-11,5.9660778720047615e-09,0.8984375,0.5,3.5521163066210057,4.0563177665512994e-11,6.207994951885069e-11,1677113.810557332,True
Lz1_m1,128,3.0,18.84955592153876,385,2.127475712959681e-16,2.0419071938509832e-14,0.8984375,0.5,3.4748233588487385,1.3865485160715565e-16,2.122044347534994e-16,5.732784754899634,True
Lz1_m1,128,4.0,25.132741228718345,513,8.673617379884035e-19,8.324758593863098e-17,0.0625,0.125,,4.787372727713243e-22,7.326838634662525e-22,1.9793737522589785e-05,False
Lz1_m1,256,1.0,6.283185307179586,257,1.8916822154100536e-05,0.0018158938460208762,0.8984375,0.5,3.568605770549555,1.2362328609805179e-05,1.8916822154100536e-05,511128678017.7497,True
Lz1_m1,256,1.5,9.42477796076938,385,3.391924609603611e-08,3.2560305185354898e-06,0.8984375,0.5,3.5686057717123703,2.2162907524335336e-08,3.391365763591648e-08,916340115.320853,True
Lz1_m1,256,2.0,12.566370614359172,513,6.208996858325655e-11,5.960239565159994e-09,0.8984375,0.5,3.568606954565552,4.0563177665512994e-11,6.206973153060238e-11,1677111.4917563663,True
Lz1_m1,256,3.0,18.84955592153876,769,2.1232744295412997e-16,2.0382075480800346e-14,0.8984375,0.5,3.6490480497132536,1.3865485160715565e-16,2.1216950717322013e-16,5.7327768286714065,True
Lz1_m1,256,4.0,25.132741228718345,1025,8.673617379884035e-19,8.326117513060715e-17,0.0703125,0.125,,4.787372727713243e-22,7.325632680861878e-22,1.9793710155491983e-05,False
Lz2_m1,64,1.0,3.141592653589793,65,0.0002428087921758263,0.014266159590584325,0.890625,1.0,0.9658055413176831,0.007550669110903467,0.0002428087921758263,4015566938510.2246,True
Lz2_m1,64,1.5,4.71238898038469,97,9.59717613271331e-06,0.0005638792776049483,0.890625,0.0,0.9658055413157883,0.0002983334250830009,9.593584031576418e-06,158658500434.8671,True
Lz2_m1,64,2.0,6.283185307179586,129,3.9782419629667744e-07,2.3374044335489195e-05,0.890625,0.0,0.9658055413462616,1.2362328609805179e-05,3.9753855375451545e-07,6574484634.328375,True
Lz2_m1,64,3.0,9.42477796076938,193,7.136804865614729e-10,4.193208831828083e-08,0.890625,0.0,0.9658055205965655,2.2162907524334856e-08,7.126982692589981e-10,11786589.692755023,True
Lz2_m1,64,4.0,12.566370614359172,257,1.3070405218210124e-12,7.679478370024028e-11,0.890625,0.0,0.9658073282509222,4.056317766503426e-11,1.30440044862222e-12,21572.14847587702,True
Lz2_m1,128,1.0,3.141592653589793,129,0.0002460103245189386,0.014465734985811246,0.8984375,1.0,0.9843797187372173,0.007550669110903467,0.0002460103245189386,4071742418233.742,True
Lz2_m1,128,1.5,4.71238898038469,193,9.720989282925824e-06,0.0005716071268215853,0.8984375,0.0,0.9843797187366554,0.0002983334250830009,9.720079325623334e-06,160878041911.979,True
Lz2_m1,128,2.0,6.283185307179586,257,4.028526100040698e-07,2.368827042546592e-05,0.8984375,0.0,0.9843797187217558,1.2362328609805179e-05,4.0278026072103066e-07,6666457905.829937,True
Lz2_m1,128,3.0,9.42477796076938,385,7.223442030071178e-10,4.24748019404104e-08,0.8984375,0.0,0.9843797466225389,2.2162907524334856e-08,7.220954848188885e-10,11951477.32641515,True
Lz2_m1,128,4.0,12.566370614359172,513,1.3222679787032454e-12,7.775111958227169e-11,0.8984375,0.0,0.9843828339702378,4.056317766503426e-11,1.3215994972530875e-12,21873.93046777402,True
Lz2_m1,256,1.0,3.141592653589793,257,0.0002459914430676534,0.01446750388081801,0.8984375,1.0,0.9852932942396291,0.007550669110903467,0.0002459914430676534,4072240317914.5747,True
Lz2_m1,256,1.5,4.71238898038469,385,9.71956078082677e-06,0.0005716368893278318,0.8984375,0.0,0.9852932942439236,0.0002983334250830009,9.71933330325767e-06,160897714356.22845,True
Lz2_m1,256,2.0,6.283185307179586,513,4.0276743282522884e-07,2.3687975991358094e-05,0.8984375,0.0,0.9852932941969719,1.2362328609805179e-05,4.027493470758968e-07,6667273091.792765,True
Lz2_m1,256,3.0,9.42477796076938,769,7.221022334767679e-10,4.2469025486790284e-08,0.8984375,0.0,0.985293317307311,2.2162907524334856e-08,7.220400635240849e-10,11952938.773661824,True
Lz2_m1,256,4.0,12.566370614359172,1025,1.3216650538751262e-12,7.77311359193139e-11,0.8984375,0.0,0.9853173881441473,4.056317766503426e-11,1.3214980636381582e-12,21876.605249692857,True
Lz4_m1,64,1.0,1.5707963267948966,65,0.0008844198071934727,0.04104252226329436,0.890625,2.0,0.24428934761557014,0.2379372676713324,0.0008844198071934727,11552442998207.361,True
Lz4_m1,64,1.5,2.356194490192345,97,0.00014892753311804893,0.006911154119231425,0.890625,2.0,0.24428934761558027,0.040063091734015344,0.00014891568779345664,1945162219095.8188,True
Lz4_m1,64,2.0,3.141592653589793,129,2.8069852668255587e-05,0.0013026139212328296,0.890625,0.0,0.24428934761554405,0.0075506690703402895,2.806605854025558e-05,366603663592.2218,True
Lz4_m1,64,3.0,4.71238898038469,193,1.109167681665e-06,5.147220686171707e-05,0.890625,0.0,0.24428934761767246,0.0002983333845198232,1.1089139460946585e-06,14484823890.170198,True
Lz4_m1,64,4.0,6.283185307179586,257,4.596545440452293e-08,2.1330799812439994e-06,0.890625,0.0,0.2442893475192336,1.2362288046627513e-05,4.595098749209425e-08,600219668.754696,True
Lz4_m1,128,1.0,1.5707963267948966,129,0.0008876191398776957,0.041225333934889835,0.8984375,2.0,0.24869235630366468,0.2379372676713324,0.0008876191398776957,11603899909212.133,True
Lz4_m1,128,1.5,2.356194490192345,193,0.00014945735321638016,0.006941523699251271,0.8984375,2.0,0.24869235630355446,0.040063091734015344,0.00014945438087029197,1953826363918.9866,True
Lz4_m1,128,2.0,3.141592653589793,257,2.8168537750200128e-05,0.0013082833875907177,0.8984375,2.0,0.24869235630365277,0.0075506690703402895,2.8167585730934512e-05,368236590246.2997,True
Lz4_m1,128,3.0,4.71238898038469,385,1.1129890357052755e-06,5.169260395752985e-05,0.8984375,0.0,0.24869235629206796,0.0002983333845198232,1.1129253721198053e-06,14549342217.068838,True
Lz4_m1,128,4.0,6.283185307179586,513,4.61208419539217e-08,2.1420753851372386e-06,0.8984375,0.0,0.2486923554531142,1.2362288046627513e-05,4.611721228145338e-08,602893168.2113231,True
Lz4_m1,256,1.0,1.5707963267948966,257,0.0008875339529506531,0.041229992631211104,0.8984375,2.0,0.24874271630620154,0.2379372676713324,0.0008875339529506531,11605211215650.664,True
Lz4_m1,256,1.5,2.356194490192345,385,0.00014944078041112226,0.006942204582336225,0.8984375,2.0,0.2487427163059912,0.040063091734015344,0.00014944003737670626,1954047157368.6736,True
Lz4_m1,256,2.0,3.141592653589793,513,2.816512040610666e-05,0.001308398065156068,0.8984375,2.0,0.2487427163055609,0.0075506690703402895,2.8164882420513606e-05,368278203067.4607,True
Lz4_m1,256,3.0,4.71238898038469,769,1.1128344764093582e-06,5.16962276311547e-05,0.8984375,0.0,0.24874271628800676,0.0002983333845198232,1.1128185620159902e-06,14550986375.17731,True
Lz4_m1,256,4.0,6.283185307179586,1025,4.611369362598518e-08,2.142191002469745e-06,0.8984375,0.0,0.24874271533714884,1.2362288046627513e-05,4.611278630253796e-08,602961298.5553806,True
Lz8_m1,64,1.0,0.7853981633974483,65,0.0015710784018137362,0.06610253210897696,0.890625,0.0,0.061147200572944,2.0912990535805593,0.0015710784018137362,18606208685889.68,True
Lz8_m1,64,1.5,1.1780972450961724,97,0.0004846114545494209,0.020389844451905982,0.890625,0.0,0.06114720057296516,0.6450509485528391,0.0004845914368897746,5738993924018.855,True
Lz8_m1,64,2.0,1.5707963267948966,129,0.000178750566086157,0.00752086275297728,0.890625,0.0,0.0611472005728952,0.23792490538328576,0.00017873994609296458,2116808896151.2283,True
Lz8_m1,64,3.0,2.356194490192345,193,3.00903044524424e-05,0.0012660382282260432,0.890625,0.0,0.06114720057231493,0.040050729445968714,3.0087918751608143e-05,356329827060.3339,True
Lz8_m1,64,4.0,3.141592653589793,257,5.663644381080548e-06,0.00023829570448043736,0.890625,0.0,0.061147200570213854,0.007538306782293662,5.663116880213974e-06,67068030700.569756,True
Lz8_m1,128,1.0,0.7853981633974483,129,0.0015720565340769984,0.06619912869326539,0.8984375,0.0,0.06223083292022153,2.0912990535805593,0.0015720565340769984,18633398207202.594,True
Lz8_m1,128,1.5,1.1780972450961724,193,0.00048489814509824754,0.02041900785033239,0.8984375,0.0,0.0622308329202232,0.6450509485528391,0.0004848931369948586,5747380398676.108,True
Lz8_m1,128,2.0,1.5707963267948966,257,0.00017885388406031007,0.007531517494153247,0.8984375,0.0,0.06223083292026728,0.23792490538328576,0.000178851227177222,2119902219544.9895,True
Lz8_m1,128,3.0,2.356194490192345,385,3.0107247917546872e-05,0.0012678129165780447,0.8984375,0.0,0.06223083291956674,0.040050729445968714,3.0106651084782208e-05,356850536979.84753,True
Lz8_m1,128,4.0,3.141592653589793,513,5.666774623813969e-06,0.00023862725955834966,0.8984375,0.0,0.062230832917532494,0.007538306782293662,5.666642660547258e-06,67166038181.88599,True
Lz8_m1,256,1.0,0.7853981633974483,257,0.001571886002159429,0.06620585255189297,0.8984375,0.0,0.062233850291219917,2.0912990535805593,0.001571886002159429,18635290805153.2,True
Lz8_m1,256,1.5,1.1780972450961724,385,0.00048484178918325603,0.020420923630317396,0.8984375,0.0,0.06223385029128663,0.6450509485528391,0.00048484053726025907,5747964161242.814,True
Lz8_m1,256,2.0,1.5707963267948966,513,0.0001788324901003792,0.007532198553081023,0.8984375,0.0,0.062233850291040685,0.23792490538328576,0.0001788318259393727,2120117538433.7708,True
Lz8_m1,256,3.0,2.356194490192345,769,3.010353440019084e-05,0.0012679228373125553,0.8984375,0.0,0.06223385029099003,0.040050729445968714,3.0103385206723893e-05,356886782359.6463,True
Lz8_m1,256,4.0,3.141592653589793,1025,5.666060947736966e-06,0.00023864732883973174,0.8984375,0.0,0.06223385029970234,0.007538306782293662,5.666027960364322e-06,67172860249.70206,True
Lz16_m1,64,1.0,0.39269908169872414,65,0.0019824709436786795,0.08043731297570601,0.890625,0.0,0.015289644743101728,11.149770078558422,0.0019824709436786795,22641090796504.598,True
Lz16_m1,64,1.5,0.5890486225480862,97,0.0007710743891786549,0.03128578109438741,0.890625,0.0,0.015289644743105756,4.336505742853686,0.0007710469876715776,8805851562116.54,True
Lz16_m1,64,2.0,0.7853981633974483,129,0.0003705184770458562,0.015033517034108951,0.890625,0.0,0.01528964474311059,2.0837607467982657,0.00037050047713987064,4231353286573.923,True
Lz16_m1,64,3.0,1.1780972450961724,193,0.00011335880898683329,0.0045994510164710295,0.890625,0.0,0.015289644743031952,0.6375126417705453,0.00011335213906952125,1294554193005.6218,True
Lz16_m1,64,4.0,1.5707963267948966,257,4.0966192255231185e-05,0.0016621733793194323,0.890625,0.0,0.015289644743736815,0.2303865986009921,4.096360143046844e-05,467830624351.075,True
Lz16_m1,128,1.0,0.39269908169872414,129,0.0019821055636890434,0.0804897582244918,0.8984375,0.0,0.015559446461190604,11.149770078558422,0.0019821055636890434,22655852821685.16,True
Lz16_m1,128,1.5,0.5890486225480862,193,0.0007709117294762162,0.0313053451111245,0.8984375,0.0,0.015559446461191668,4.336505742853686,0.0007709048795911223,8811592990551.44,True
Lz16_m1,128,2.0,0.7853981633974483,257,0.00037043669147535313,0.015042770819349498,0.8984375,0.0,0.01555944646118242,2.0837607467982657,0.000370432191921906,4234112135267.4624,True
Lz16_m1,128,3.0,1.1780972450961724,385,0.00011333291495799289,0.004602246767759356,0.8984375,0.0,0.015559446461063452,0.6375126417705453,0.00011333124766451451,1295398244282.4136,True
Lz16_m1,128,4.0,1.5707963267948966,513,4.095669924894605e-05,0.0016631782285527494,0.8984375,0.0,0.01555944646083354,0.2303865986009921,4.095605161980722e-05,468135650620.30286,True
Lz16_m1,256,1.0,0.39269908169872414,257,0.001981881349559882,0.08049752345253075,0.8984375,0.0,0.015559632916358137,11.149770078558422,0.001981881349559882,22658038539066.58,True
Lz16_m1,256,1.5,0.5890486225480862,385,0.0007708193877985318,0.031308156646590875,0.8984375,0.0,0.015559632916400104,4.336505742853686,0.0007708176754737381,8812443086644.004,True
Lz16_m1,256,2.0,0.7853981633974483,513,0.00037039141372666347,0.015044085015331159,0.8984375,0.0,0.015559632916374341,2.0837607467982657,0.0003703902889411331,4234520620110.7285,True
Lz16_m1,256,3.0,1.1780972450961724,769,0.00011331884451136042,0.004602639984322284,0.8984375,0.0,0.015559632916569657,0.6375126417705453,0.00011331842772824704,1295523217483.8496,True
Lz16_m1,256,4.0,1.5707963267948966,1025,4.095158059658037e-05,0.0016633189571229822,0.8984375,0.0,0.015559632916022338,0.2303865986009921,4.09514187053873e-05,468180813882.815,True
Lz32_m1,64,1.0,0.19634954084936207,65,0.002154476030999078,0.08637065649907781,0.890625,0.0,0.0038225594100944112,49.14191335168896,0.002154476030999078,24311178526561.996,True
Lz32_m1,64,1.5,0.2945243112740431,97,0.0009085954875645218,0.03642462836620948,0.890625,0.0,0.0038225594100859102,20.723641447871454,0.0009085643136221832,10252269653280.543,True
Lz32_m1,64,2.0,0.39269908169872414,129,0.00047874901785487436,0.019192539798755327,0.890625,0.0,0.003822559410093459,10.91938347995743,0.00047872678079285725,5401968769132.453,True
Lz32_m1,64,3.0,0.5890486225480862,193,0.00018003011525874425,0.007217216168003421,0.890625,0.0,0.003822559410000352,4.106119144252694,0.0001800201635090553,2031353456933.1199,True
Lz32_m1,64,4.0,0.7853981633974483,257,8.126024004177649e-05,0.0032576367426219413,0.890625,0.0,0.0038225594099561833,1.8533741481972734,8.125548857220313e-05,916889610522.0553,True
Lz32_m1,128,1.0,0.19634954084936207,129,0.002153633739229155,0.0864089967001138,0.8984375,0.0,0.0038899401090057954,49.14191335168896,0.002153633739229155,24321970333755.684,True
Lz32_m1,128,1.5,0.2945243112740431,193,0.000908216901970916,0.03643985969196505,0.8984375,0.0,0.0038899401089813584,20.723641447871454,0.0009082091106713037,10256820667427.182,True
Lz32_m1,128,2.0,0.39269908169872414,257,0.00047854518028784794,0.019200390554407146,0.8984375,0.0,0.00388994010897158,10.91938347995743,0.0004785396226988697,5404366719744.312,True
Lz32_m1,128,3.0,0.5890486225480862,385,0.00017995227182810965,0.007220120570798032,0.8984375,0.0,0.003889940108925929,4.106119144252694,0.00017994978467913926,2032255181003.2014,True
Lz32_m1,128,4.0,0.7853981633974483,513,8.122490924719877e-05,0.003258939896447006,0.8984375,0.0,0.003889940108761549,1.8533741481972734,8.12237217628719e-05,917296620650.4963,True
Lz32_m1,256,1.0,0.19634954084936207,257,0.0021533869341749537,0.08641717690402591,0.8984375,0.0,0.0038899517287464256,49.14191335168896,0.0021533869341749537,24324272856461.332,True
Lz32_m1,256,1.5,0.2945243112740431,385,0.0009081069781409141,0.03644307492180962,0.8984375,0.0,0.0038899517287529946,20.723641447871454,0.0009081050304859396,10257791664519.541,True
Lz32_m1,256,2.0,0.39269908169872414,513,0.0004784861716315698,0.01920204097265875,0.8984375,0.0,0.0038899517287395253,10.91938347995743,0.00047848478236303806,5404878342647.849,True
Lz32_m1,256,3.0,0.5890486225480862,769,0.0001799297842755539,0.007220729238798506,0.8984375,0.0,0.0038899517288157053,4.106119144252694,0.0001799291625484806,2032447571407.1743,True
Lz32_m1,256,4.0,0.7853981633974483,1025,8.121471041794065e-05,0.003259212678415091,0.8984375,0.0,0.003889951728793427,1.8533741481972734,8.121441357611434e-05,917383459679.8956,True
