nr,nz,step,time,dt,viscosity,energy,enstrophy,max_abs_u1,max_abs_omega1,max_abs_psi1,max_abs_u_r,max_abs_u_z,max_cartesian_vorticity,amplification,argmax_u1_r,argmax_u1_z,argmax_u1_value,circulation_max,divergence_residual_max,axis_parity_defect,odd_symmetry_defect,wall_u1_max_abs,advective_cfl,viscous_cfl
65,128,0.0,0.0,0.0,0.0005,4008.11113236055,773886.7345045686,3265.5332310870513,0.0,0.0,0.0,0.0,7494.3062310458845,1.0,0.0,0.0859375,3265.533231087051,64.88057619110188,0.0,11.361380314832786,6.366462912410498e-12,0.0,0.0,0.0
65,128,25.0,2.5000000000000008e-05,1e-06,0.0005,4008.0788000757125,774407.3543533423,3258.644758307299,5290.650771623793,3.897715452959806,9.225910273506415,7.795430905919612,7498.254432064073,1.0005268267530665,0.0,0.0859375,3258.6447583072986,64.8814888215147,4.101729304495109,74.93804499169346,3.2741809263825417e-11,0.0,0.0009978151559577103,3.2768e-05
65,128,50.0,4.9999999999999955e-05,1e-06,0.0005,4008.0206659863043,775980.046328238,3238.1342839271542,10540.163660139358,7.775652588440332,18.412722466270765,15.551305176880664,7510.244382967687,1.0021267014491317,0.0,0.0859375,3238.134283927154,64.8845231599434,8.147284211140004,147.50014224322513,6.821210263296962e-11,0.0,0.001990567062640725,3.2768e-05
65,128,75.0,7.499999999999989e-05,1e-06,0.0005,4007.9369157236315,778595.3604965543,3204.38899512403,15708.487957218047,11.614483309904227,27.522285452455396,23.228966619808453,7530.226456594281,1.004793002105998,0.0,0.0859375,3204.3889951240294,64.88947436947537,12.082678799944688,215.43399631400825,1.0732037480920553e-10,0.0,0.002973307727335482,3.2768e-05
65,128,100.0,9.999999999999982e-05,1e-06,0.0005,4007.8278756195787,782237.956061672,3158.035100889696,20757.26014463703,15.395678973840553,36.51769037533579,30.791357947681107,7558.119076905288,1.008514843654914,0.0,0.0859375,3158.0351008896955,64.89599812974294,15.857833714330354,276.67807770869695,1.418811734765768e-10,0.0,0.003941293817303181,3.2768e-05
65,128,125.0,0.00012499999999999976,1e-06,0.0005,4007.6940134486617,786887.0764580847,3099.911249363514,25650.532664767747,19.101865862552522,45.363842242443134,38.203731725105044,7593.80935115727,1.013277162294114,0.0,0.0859375,3099.9112493635134,64.90360614204893,19.428168566912518,330.39369360136334,1.964508555829525e-10,0.0,0.004890077660813445,3.2768e-05
65,128,150.0,0.0001499999999999997,1e-06,0.0005,4007.535938543513,792517.1747986356,3031.0341978945276,30355.38733324173,22.717131811172745,54.02797727222034,45.43426362234549,7637.153959739384,1.0190608342239524,0.0,0.0859375,3031.034197894527,64.91165983088938,22.755812918098854,383.04432505054865,2.582964953035116e-10,0.0,0.005815585743660223,3.2768e-05
65,128,175.0,0.00017499999999999962,1e-06,0.0005,4007.3544005864665,799098.6546754539,2952.5592078015607,34842.42484126057,26.22727348072688,62.48011234598607,52.45454696145376,7687.980309708724,1.0258428295684698,0.0,0.0859375,2952.55920780156,64.91936224982324,25.810379699657688,429.6701722589787,2.9831426218152046e-10,0.0,0.00671418201106608,3.2768e-05
65,128,200.0,0.00019999999999999955,1e-06,0.0005,4007.1502863956407,806598.6866265733,2865.7378410701613,39086.13865317129,29.619977852279526,70.69341619070508,59.23995570455905,7746.087957083302,1.033596402158533,0.0,0.0859375,2865.737841070161,64.92574821763252,28.569290077088908,469.61082963319495,3.710738383233547e-10,0.0,0.007582714330183558,3.2768e-05
65,128,225.0,0.00022499999999999948,1e-06,0.0005,4006.9246141429217,814982.0589712186,2771.951528145048,43065.19393355281,32.88493571743116,78.64449547831052,65.76987143486232,7811.250300357067,1.0422913155053914,0.0,0.09375,2771.951528145048,64.92967274174842,31.017679753958873,515.4228440623265,4.0745362639427185e-10,0.0,0.008418543543662378,3.2768e-05
65,128,250.0,0.00024999999999999957,1e-06,0.0005,4006.6785246392733,824212.0230742765,2675.9741285550836,46762.63707013942,36.013888869173286,86.31359262600371,72.02777773834657,7883.216543525847,1.0518941047363215,0.0,0.09375,2675.9741285550836,64.92979783410674,33.14794851490342,570.4380983589217,4.511093720793724e-10,0.0,0.00921955555050836,3.2768e-05
65,128,275.0,0.0002750000000000002,1e-06,0.0005,4006.41326956571,834251.0970356604,2577.088063155608,50166.057626220274,39.00061604277345,93.6846954962329,78.0012320855469,7961.713921344635,1.0623683735210165,0.0,0.1015625,2577.088063155607,64.92457789468159,34.95903454042764,624.2381866665091,4.802132025361061e-10,0.0,0.009984157706950002,3.2768e-05
65,128,300.0,0.0003000000000000008,1e-06,0.0005,4006.1301967782456,845061.7977250754,2482.5974748551093,53267.712875912584,41.85545067109441,100.74556224786802,83.71090134218882,8046.450172875668,1.073675124128565,0.0,0.109375,2482.5974748551093,64.9122439351978,36.45550229575747,691.8825900063384,4.874891601502895e-10,0.0,0.010714995371800169,3.2768e-05
65,128,325.0,0.0003250000000000014,1e-06,0.0005,4005.8307330387524,856607.278300374,2396.0953753772174,56067.170693156164,44.59128056330567,107.48766715981937,89.18256112661135,8137.116242004424,1.0857731177698127,0.0,0.1171875,2396.0953753772174,64.89078704551969,37.64652925268592,780.9813589027617,4.874891601502895e-10,0.0,0.011415367824206251,3.2768e-05
65,128,350.0,0.000350000000000002,1e-06,0.0005,4005.5163646961682,868851.8561425722,2318.5153708691814,58942.24705172092,47.184466557728875,113.9060752697037,94.36893311545775,8233.389175903289,1.0986192613527963,0.0,0.125,2318.5153708691805,64.857941673402,38.544865345667404,871.9681622495409,4.802132025361061e-10,0.0,0.012079223438778592,3.2768e-05
65,128,375.0,0.0003750000000000026,1e-06,0.0005,4005.188616950833,881761.4238545264,2249.2416208277377,61558.3907131713,49.635421606089736,119.99925512792055,99.27084321217947,8334.935184818194,1.112169015764251,0.0,0.1328125,2249.2416208277377,64.81116949919964,39.165823393349456,960.0336394400802,4.874891601502895e-10,0.0,0.012706667931158972,3.2768e-05
65,128,400.0,0.0004000000000000032,1e-06,0.0005,4004.8490323773467,895303.7430585303,2186.9533150509064,63915.00538216776,51.94583300828472,125.76883988564059,103.89166601656945,8441.41281943064,1.1263768198397437,0.0,0.140625,2186.9533150509064,64.74764494324116,39.52634198651003,1060.1468989984132,4.802132025361061e-10,0.0,0.013298133250120888,3.2768e-05
65,128,425.0,0.0004250000000000038,1e-06,0.0005,4004.4991493660646,909448.6267910157,2130.152765048263,66014.97247585263,54.11849102021371,131.2193473642811,108.23698204042742,8552.476215761406,1.1411965233462105,0.0,0.1484375,2130.1527650482617,64.71624794642874,39.64414703654029,1194.2421827043872,5.093170329928398e-10,0.0,0.013854333701174708,3.2768e-05
65,128,450.0,0.00045000000000000443,1e-06,0.0005,4004.1404810840954,924168.0210850645,2079.381532833106,67864.95915261851,56.176011756834235,136.35786975918836,112.35202351366847,8667.778352447876,1.1565818216155581,0.0,0.1484375,2079.381532833105,64.76896697471612,39.53702577049535,1325.7920132665895,5.529727786779404e-10,0.0,0.014381059009749564,3.2768e-05
65,128,475.0,0.00047500000000000504,1e-06,0.0005,4003.7744954698796,939435.9997536785,2048.1282772541676,69475.51042589497,58.14653577051038,141.19374328165645,116.29307154102077,8786.974261515206,1.1724866839727366,0.0,0.046875,2048.1282772541676,64.81103566172372,39.222217941087365,1447.2100210967474,5.529727786779404e-10,0.0,0.014885513157250656,3.2768e-05
65,128,500.0,0.0005,9.999999999943865e-07,0.0005,4003.4025966768345,955228.688462017,2031.880563240985,70860.83379853416,59.996631956896536,145.73820740986838,119.99326391379307,8909.724131695726,1.1888657678260246,0.0,0.046875,2031.880563240985,64.83948117160152,38.71592311164295,1549.6790401737671,5.748006515204906e-10,0.0,0.015359137780879294,3.2767999999816054e-05
65,128,525.0,0.0005250000000000006,1e-06,0.0005,4003.026108283845,971524.1350224518,2020.6346946520723,72038.2288887204,61.73122609208394,150.0040625648994,123.46245218416789,9035.696243099857,1.2056748102537653,0.0,0.046875,2020.6346946520723,64.85099489814895,38.142427208845675,1896.7163480657618,5.966285243630409e-10,0.0,0.01580319387957349,3.2768e-05
65,128,550.0,0.0005500000000000012,1e-06,0.0005,4002.6462585022314,988302.1426422186,2014.0020098864584,73027.17764049629,63.35558614823539,154.0185900803354,126.71117229647078,9164.569673711841,1.2228709891446297,0.0,0.046875,2014.0020098864584,64.84191775432203,38.01011504181997,2295.571613948792,6.548361852765083e-10,0.0,0.016219030053948258,3.2768e-05
65,128,575.0,0.0005750000000000018,1e-06,0.0005,4002.2641675344075,1005544.0818137776,2011.4871433773117,73848.18187431288,64.87521482544683,157.96248391870387,129.75042965089366,9296.036721809482,1.2404132464323054,0.0,0.046875,2011.4871433773117,64.80823238183488,38.046115547085265,2741.930846901145,7.34871719032526e-10,0.0,0.016608054995314387,3.2768e-05
65,128,600.0,0.0006000000000000024,1e-06,0.0005,4001.880837179531,1023232.6948848712,2012.5213572681423,74521.4989661643,66.33174722340918,161.65974821686666,132.66349444681836,9429.804993935988,1.2582625667032545,0.0,0.046875,2012.5213572681423,64.75754335640406,38.75185931290662,3240.440953274723,7.785274647176266e-10,0.0,0.01698092728919275,3.2768e-05
65,128,625.0,0.000625000000000003,1e-06,0.0005,4001.4971427337314,1041351.9052918609,2016.498453661603,75065.96713492181,67.72281002216275,165.12219225838322,135.4456200443255,9565.599115345267,1.27638220542935,0.0,0.046875,2016.498453661603,64.67835581525915,39.38425845528354,3796.1074424099643,8.221832104027271e-10,0.0,0.017337039365673663,3.2768e-05
65,128,650.0,0.0006500000000000037,1e-06,0.0005,4001.1138271938935,1059886.641175649,2022.8106730875452,75498.11586919059,69.02728397594831,168.36202204309677,138.05456795189662,9703.162028663111,1.2947378622542576,0.0,0.046875,2022.8106730875452,64.56023387123041,40.151757048271975,4414.382421926595,8.36735125631094e-10,0.0,0.017670984697842767,3.2768e-05
65,128,675.0,0.0006750000000000043,1e-06,0.0005,4000.7314977405263,1078822.6807837598,2030.8817173126263,75831.71792544602,70.25031974099113,171.39163784827258,140.50063948198226,9842.255856533555,1.3132977961003331,0.0,0.046875,2030.8817173126263,64.62777862371006,41.66776315169864,5105.897414173931,8.440110832452774e-10,0.0,0.01798408185369373,3.2768e-05
65,128,700.0,0.0007000000000000049,1e-06,0.0005,4000.350624444015,1098146.5248208565,2040.1940741455307,76077.86004911976,71.39698587464756,174.22344666427423,142.7939717492951,9982.662314854737,1.3320328803086,0.0,0.046875,2040.1940741455307,64.70721165523629,43.150605883000935,5959.758496431168,9.167706593871117e-10,0.0,0.018277628383909773,3.2768e-05
65,128,725.0,0.0007250000000000055,1e-06,0.0005,3999.9715411075545,1117845.298836083,2050.308224448783,76245.50321175998,72.47223124673066,176.86969102662306,144.94446249346132,10124.18267440197,1.3509165975179358,0.0,0.046875,2050.308224448783,64.7567904165751,44.60046083877933,6907.125041111372,1.025910023599863e-09,0.0,0.01855289119916305,3.2768e-05
65,128,750.0,0.0007500000000000061,1e-06,0.0005,3999.5944481284805,1137906.686892094,2060.8720837446,76517.86637485574,73.48802332033425,179.34229528796914,146.9760466406685,10266.637279711606,1.3699249754675187,0.0,0.046875,2060.8720837446,64.77088473044817,46.017530304335196,7955.887397299986,1.178705133497715e-09,0.0,0.018812933970005566,3.2768e-05
65,128,775.0,0.0007750000000000067,1e-06,0.0005,3999.219417228046,1158318.896184519,2071.6201181708334,76880.51860202852,74.48990079302811,181.652729905105,148.97980158605623,10409.864644589557,1.3890364663063395,0.0,0.046875,2071.6201181708334,64.74341742312347,47.40251377623645,9116.410570051055,1.3023964129388332e-09,0.0,0.019069414603015197,3.2768e-05
65,128,800.0,0.0008000000000000073,1e-06,0.0005,3998.8463978691143,1179070.6509880198,2082.3628587365256,77165.91649110186,75.43356915602354,183.81189387190645,150.86713831204708,10553.720153081627,1.4082317732576535,0.0,0.046875,2082.3628587365256,64.66791616686398,49.402290545553114,10402.365566941444,1.3460521586239338e-09,0.0,0.019310993703942025,3.2768e-05
65,128,825.0,0.0008250000000000079,1e-06,0.0005,3998.4752251534132,1200151.2132960712,2092.968845058718,77372.68442047485,76.3229942681682,185.83001502255982,152.6459885363364,10698.074402836855,1.427493629566277,0.0,0.046875,2092.968845058718,64.53759466786778,51.69536232941755,11831.025508321822,1.382431946694851e-09,0.0,0.019538686532651058,3.2768e-05
65,128,850.0,0.0008500000000000085,1e-06,0.0005,3998.105628966616,1221550.4267845566,2103.3421518493496,77734.20815262223,77.16196027514093,187.71656757218238,154.32392055028185,10842.811234237253,1.4468065355162383,0.0,0.046875,2103.3421518493496,64.3745086986506,53.98405016207744,13422.739870140329,1.3606040738523006e-09,0.0,0.019753461830436077,3.2768e-05
65,128,875.0,0.0008750000000000091,1e-06,0.0005,3997.737244121937,1243258.7802451374,2113.3993779713655,78261.30595096969,77.95406362343427,189.4802059623205,155.90812724686853,10987.825493291833,1.4661564599233627,0.0,0.046875,2113.3993779713655,64.50707830517835,56.27179802651608,15199.483293010853,1.2660166248679161e-09,0.0,0.01995624028759917,3.2768e-05
65,128,900.0,0.0009000000000000097,1e-06,0.0005,3997.3696212420755,1265267.4863792092,2123.807612055323,78806.95182363703,78.7027100101154,191.12871384167678,157.4054200202308,11133.02057904612,1.4855305128747625,0.015625,0.046875,2123.807612055318,64.59771208548193,58.56652037411368,17182.659919224214,1.2369127944111824e-09,0.0,0.02014789376258954,3.2768e-05
65,128,925.0,0.0009250000000000103,1e-06,0.0005,3997.002238115675,1287568.5717910721,2134.3498829921436,79380.56469059022,79.41111380599536,192.66896683909602,158.8222276119907,11278.305827197226,1.5049165966124736,0.015625,0.046875,2134.349882992138,64.6390990892225,60.88061768105763,19390.673269622494,1.280568540096283e-09,0.0,0.02032924513433481,3.2768e-05
65,128,950.0,0.000950000000000011,1e-06,0.0005,3996.6345112677263,1310154.9741430024,2150.556700232944,79990.91857713729,80.08229954259816,194.13364170268187,160.16459908519633,11434.512472545532,1.5257599729748117,0.046875,0.0390625,2150.556700232944,64.62352121710059,63.22984876687315,21837.05577945849,1.3096723705530167e-09,0.0,0.02050106868290513,3.2768e-05
65,128,975.0,0.0009750000000000116,1e-06,0.0005,3996.2658074933256,1333020.6427089004,2168.309804531344,80645.12100099205,80.74169099990667,195.77466898083003,161.48338199981333,11595.364280738802,1.547223174935645,0.046875,0.0390625,2168.309804531344,64.5429833519583,65.63108693174581,24530.08603904117,1.4551915228366852e-09,0.0,0.020669872895976105,3.2768e-05
65,128,1000.0,0.001,9.99999999990375e-07,0.0005,3995.895455120235,1356160.638961688,2186.5437719389006,81501.1637638367,81.38410219171554,197.3616200641912,162.76820438343108,11757.847962516018,1.5689041253489218,0.046875,0.0390625,2186.5437719389006,64.38938558720834,68.09928935986227,27474.71117272228,1.6298145055770874e-09,0.0,0.020834330160878645,3.276799999968461e-05
65,128,1025.0,0.001024999999999998,1e-06,0.0005,3995.5227547872014,1379571.2343271803,2205.292148743841,82474.03014217298,81.9955647278612,198.8976310933422,163.9911294557224,11921.92509873785,1.5907976977708926,0.046875,0.0390625,2205.292148743841,64.15473801937415,70.64429378678142,30677.185172914527,1.8044374883174896e-09,0.0,0.020990864570332463,3.2768e-05
65,128,1050.0,0.0010499999999999958,1e-06,0.0005,3995.1469895516198,1403250.0028069792,2228.141185253701,83505.59909988522,82.57831738301546,200.38485121482796,165.15663476603092,12087.544657017617,1.612897082713781,0.0625,0.0390625,2228.141185253701,64.23115951925953,73.26824952181778,34152.15254617529,1.9208528101444244e-09,0.0,0.021140049250051956,3.2768e-05
65,128,1075.0,0.0010749999999999937,1e-06,0.0005,3994.7674341711318,1427195.9067879645,2252.397944973025,84866.71801868005,83.13445081935461,201.82446552256238,166.26890163870922,12254.640325303186,1.6351934318532595,0.0625,0.0390625,2252.397944973025,64.36442081846513,75.96452460158616,37931.061770693865,2.0081643015146255e-09,0.0,0.02128241940975478,3.2768e-05
65,128,1100.0,0.0010999999999999916,1e-06,0.0005,3994.383363438808,1451409.374987516,2277.483676758366,86359.34498467584,83.66591383251779,203.21671675940908,167.33182766503558,12423.127911888214,1.6576755110999082,0.0625,0.0390625,2277.483676758366,64.43309807316898,78.71876388765577,42069.98248981638,2.051820047199726e-09,0.0,0.021418473941124554,3.2768e-05
65,128,1125.0,0.0011249999999999895,1e-06,0.0005,3993.994059489342,1475892.3721085908,2303.459200310659,87915.03028037402,84.17451995302389,204.5609246526862,168.34903990604778,12592.90280976108,1.680329362255544,0.0625,0.0390625,2303.459200310659,64.4278977587982,81.82982479849488,46654.376308471896,2.0372681319713593e-09,0.0,0.021548677107974114,3.2768e-05
65,128,1150.0,0.0011499999999999874,1e-06,0.0005,3993.5988180330255,1500648.4603778445,2330.4005474711175,89533.86540770785,84.66195427040554,205.85550197392473,169.3239085408111,12763.837521768131,1.7031379727842861,0.0625,0.0390625,2330.4005474711175,64.33949557520417,85.57083048345612,51798.382289911155,2.066371962428093e-09,0.0,0.02167346029322382,3.2768e-05
65,128,1175.0,0.0011749999999999853,1e-06,0.0005,3993.1969535125995,1525682.8537003957,2358.3951632498593,91215.80845969949,85.12978036679557,207.09796663577725,170.25956073359114,12935.779243053248,1.726080953226269,0.0625,0.0390625,2358.3951632498593,64.1588103669739,89.43062411928167,57636.896238960326,2.1755113266408443e-09,0.0,0.021793223773899667,3.2768e-05
65,128,1200.0,0.0011999999999999832,1e-06,0.0005,3992.7878032129934,1551002.4656771298,2387.5356787034875,92960.84458426021,85.57944726453205,208.2849493690088,171.1588945290641,13108.54749869227,1.7491342219762587,0.0625,0.0390625,2387.5356787034875,63.88875258380319,93.36714824191222,64310.170382302254,2.2118911147117615e-09,0.0,0.021908338499720202,3.2768e-05
65,128,1225.0,0.001224999999999981,1e-06,0.0005,3992.370730382109,1576615.9531887453,2417.911666555114,94769.12428379832,86.01229630834797,209.41219676117504,172.02459261669594,13284.974835410902,1.7726757388664764,0.0625,0.0390625,2417.911666555114,63.89027366703157,97.33479083428756,71942.66335347667,2.4010660126805305e-09,0.0,0.02201914785493708,3.2768e-05
65,128,1250.0,0.001249999999999979,1e-06,0.0005,3991.9451264397935,1602533.7576562301,2449.6001988969942,96641.04919406964,86.42956791665925,210.47456968680575,172.8591358333185,13499.75459105263,1.8013347966925342,0.0625,0.0390625,2449.6001988969942,64.06587777858019,101.29607589189436,80620.0523760831,2.5393092073500156e-09,0.0,0.02212596938666477,3.2768e-05
65,128,1275.0,0.0012749999999999769,1e-06,0.0005,3991.51041236017,1628768.1464532102,2482.6563771945225,98577.27392526554,86.83240814827727,211.53725344640577,173.66481629655453,13717.761541093201,1.8304244740181626,0.0625,0.0390625,2482.6563771945225,64.16330700915486,105.23391460783296,90370.14317999268,2.837623469531536e-09,0.0,0.022229096485958978,3.2768e-05
65,128,1300.0,0.0012999999999999748,1e-06,0.0005,3991.0660393101807,1655333.2572964616,2517.1052323799713,100578.59480216775,87.22187504065073,213.2747058752529,174.44375008130146,13938.777167202485,1.8599156129302215,0.0625,0.0390625,2517.1052323799713,64.17257466082191,109.16166417776003,101154.27467466239,3.055902197957039e-09,0.0,0.022328800010406585,3.2768e-05
65,128,1325.0,0.0013249999999999727,1e-06,0.0005,3990.6114886173063,1682245.1488042194,2552.9364362887864,102645.70209011414,87.59894468390304,214.98345604122125,175.19788936780608,14162.539345731668,1.8897732370558846,0.0625,0.0390625,2552.9364362887864,64.08406321330278,113.12821602030272,112875.17882457981,3.332388587296009e-09,0.0,0.02242532983907918,3.2768e-05
65,128,1350.0,0.0013499999999999706,1e-06,0.0005,3990.146271127557,1709521.860802546,2590.103079638721,105162.5895097767,87.96451700213673,216.65635396604148,175.92903400427346,14388.738418634757,1.9199560272874925,0.0625,0.0390625,2590.103079638721,63.88887337237736,117.21596402639625,125404.81380923837,3.4633558243513107e-09,0.0,0.022518916352547002,3.2768e-05
65,128,1375.0,0.0013749999999999685,1e-06,0.0005,3989.6699260084742,1737183.4883684379,2628.5253370793794,107845.71859311093,88.31942122059387,218.28515278951278,176.63884244118773,14617.013101716788,1.9504157758011549,0.0625,0.0390625,2628.5253370793794,63.61478780828761,121.53076696069547,138631.51985771954,3.739842213690281e-09,0.0,0.02260977183247203,3.2768e-05
65,128,1400.0,0.0013999999999999664,1e-06,0.0005,3989.1820190583767,1765252.27398975,2668.0991735199673,110686.38705913979,88.66442100510571,219.86042026874026,177.32884201021142,14846.946273179903,1.9810968241029436,0.0625,0.0390625,2668.0991735199673,63.457327700447934,126.18474093541954,152520.5331794843,3.8708094507455826e-09,0.0,0.02269809177730706,3.2768e-05
65,128,1425.0,0.0014249999999999643,1e-06,0.0005,3988.682140607559,1793752.722544441,2714.2587945182663,113995.03239155753,89.0002192693322,221.37143925368645,178.0004385386644,15092.368047576085,2.0138445884496283,0.0625,0.03125,2714.2587945182663,63.705456446817436,131.27457462525854,167176.52930731187,3.914465196430683e-09,0.0,0.022784056132949045,3.2768e-05
65,128,1450.0,0.0014499999999999622,1e-06,0.0005,3988.169903139204,1822711.7439972127,2768.7551513777767,117585.03219190791,89.3274626554157,222.80609767311856,178.6549253108314,15397.449251206468,2.0545529868289947,0.0625,0.03125,2768.7551513777767,63.861010680916436,136.85962978334464,182892.91852691583,4.147295840084553e-09,0.0,0.022867830439786418,3.2768e-05
65,128,1475.0,0.00147499999999996,1e-06,0.0005,3987.6449388092187,1852158.8287290633,2825.811187509455,121334.04206645225,89.64674570378281,224.15076914095857,179.29349140756563,15708.45911201497,2.0960524734018966,0.0625,0.03125,2825.811187509455,63.91251052094897,142.9449351954081,200171.60078009218,4.547473508864641e-09,0.0,0.0229495669001684,3.2768e-05
65,128,1500.0,0.0015,1.000000000041983e-06,0.0005,3987.1068970886363,1882126.260232076,2885.6033543617577,125238.52002690487,89.958614735952,225.3901861126648,179.917229471904,16024.956689870989,2.1382842114839216,0.0625,0.03125,2885.6033543617577,63.84912644638594,149.47395436262013,219699.93178508757,5.0495145842432976e-09,0.0,0.023029405373370553,3.27680000013757e-05
65,128,1525.0,0.001524999999999998,1e-06,0.0005,3986.5554427666807,1912649.3695634096,2948.3051048372763,129291.87680951164,90.26357147773808,226.507308610518,180.52714295547617,16346.40417693381,2.1811764388833295,0.0625,0.03125,2948.3051048372763,63.742921088781735,156.33454951301246,242279.04368424462,5.4933479987084866e-09,0.0,0.02310747429830095,3.2768e-05
65,128,1550.0,0.0015499999999999958,1e-06,0.0005,3985.990254513377,1943766.8356246275,3014.068887825712,133483.78349548834,90.5620764467962,228.85514682842307,181.1241528935924,16672.155929056462,2.224643004310453,0.0625,0.03125,3014.068887825712,63.57721339463925,163.3789926520967,268708.5610258137,5.922629497945309e-09,0.0,0.023183891570379825,3.2768e-05
65,128,1575.0,0.0015749999999999937,1e-06,0.0005,3985.4110240920363,1975521.0353214906,3083.005248769285,137799.32293511438,90.85455211668629,231.26500622622348,181.70910423337259,17001.447255408857,2.2685818715251753,0.0625,0.03125,3083.005248769285,63.393528992162,170.45560503184606,299645.1821771385,6.315531209111214e-09,0.0,0.02325876534187169,3.2768e-05
65,128,1600.0,0.0015999999999999916,1e-06,0.0005,3984.8174561379196,2007958.4484000017,3155.161085938465,142217.9407606901,91.14138585068203,233.6136783826619,182.28277170136406,17333.383337897336,2.3128736408037516,0.0625,0.03125,3155.161085938465,63.20858259408562,177.446316392703,335463.76588788396,6.548361852765083e-09,0.0,0.0233321947777746,3.2768e-05
65,128,1625.0,0.0016249999999999895,1e-06,0.0005,3984.209268214306,2041130.1236854198,3230.4996031359387,146712.14088190187,91.422932576463,235.879952023459,182.845865152926,17774.75907572279,2.3717684503055323,0.0625,0.03125,3230.4996031359387,63.3983188502103,189.71967606299222,376156.4208869301,7.246853783726692e-09,0.0,0.023404270739574528,3.2768e-05
65,128,1650.0,0.0016499999999999874,1e-06,0.0005,3983.5861906900027,2075092.2168861749,3308.8846277888124,151364.70959941292,91.69951715493433,238.03908164719246,183.39903430986865,18246.79297399338,2.4347541201885083,0.0625,0.03125,3308.8846277888124,63.567972703069145,204.30638760074817,421304.9886928587,7.967173587530851e-09,0.0,0.023475076391663185,3.2768e-05
65,128,1675.0,0.0016749999999999853,1e-06,0.0005,3982.9479659486233,2109906.6150835394,3390.0715872143505,157986.05795134467,91.97143639193237,240.06231296270562,183.94287278386474,18730.919127615078,2.499353315723935,0.0625,0.03125,3390.0715872143505,63.64391511222873,219.81181990363348,470153.6116500632,8.702045306563377e-09,0.0,0.023544687716334688,3.2768e-05
65,128,1700.0,0.0016999999999999832,1e-06,0.0005,3982.294346635102,2145641.669140613,3473.7064681280417,165075.1681381078,92.23896065911204,241.91637438814598,184.47792131822408,19226.2014300155,2.5654411278750673,0.0625,0.03125,3473.7064681280417,63.62518766386621,236.28012275958918,521790.73181788065,9.42964106798172e-09,0.0,0.023613173928732682,3.2768e-05
65,128,1725.0,0.001724999999999981,1e-06,0.0005,3981.625093120022,2182373.061753512,3559.332533539721,172630.9914801718,92.50233513412525,243.56294541619673,185.0046702682505,19731.415821473,2.632854224682428,0.0625,0.03125,3559.332533539719,63.597053784927006,253.7572857259329,575425.771499427,1.0208168532699347e-08,0.0,0.023680597794336063,3.2768e-05
65,128,1750.0,0.001749999999999979,1e-06,0.0005,3980.9399710715356,2220184.844662675,3646.4025769522264,180634.08759887714,92.76178073614186,244.95812009199935,185.52356147228372,20245.009435683307,2.7013854000009245,0.0625,0.03125,3646.402576952218,63.49971352080622,272.2985045141686,630718.8945071143,1.1015799827873707e-08,0.0,0.023747015868452313,3.2768e-05
65,128,1775.0,0.001774999999999977,1e-06,0.0005,3980.2387507829126,2259170.6825677147,3734.2923471419576,189043.23453231572,93.01749490547655,246.87166055906977,186.0349898109531,20765.06264281246,2.7707785087285584,0.0625,0.03125,3734.292347141941,63.44375225464397,291.9793526593703,688098.4068626133,1.2078089639544487e-08,0.0,0.023812478695801997,3.2768e-05
65,128,1800.0,0.0017999999999999748,1e-06,0.0005,3979.521210384934,2299435.342956816,3850.554555397862,197792.5523239541,93.26965242941323,250.61386189587697,186.53930485882645,21398.877562831178,2.85535136984185,0.0625,0.0234375,3850.554555397862,63.264126990104145,312.91065558296305,748986.1336653382,1.442744360914591e-08,0.0,0.023877031021929784,3.2768e-05
65,128,1825.0,0.0018249999999999727,1e-06,0.0005,3978.7871448749092,2341096.4708545706,3986.7415932061585,206789.0017069716,93.51840651853857,254.24946999161165,187.03681303707714,22188.04470262951,2.9606535973554697,0.0625,0.0234375,3986.7415932061585,63.22456130304992,335.25613612201414,815852.4333497118,1.7340033989456242e-08,0.0,0.023940712068745873,3.2768e-05
65,128,1850.0,0.0018499999999999706,1e-06,0.0005,3978.036381696553,2384286.6872993223,4128.736263981971,215909.80768112894,93.76389026250295,257.72062175574945,187.5277805250059,23008.186316342217,3.070088892421902,0.0625,0.0234375,4128.736263981971,63.229181955749496,359.2507966568701,892042.9109393442,2.0849218153102297e-08,0.0,0.024003555907200755,3.2768e-05
65,128,1875.0,0.0018749999999999685,1e-06,0.0005,3977.2688013965576,2429156.0530156195,4276.135449535798,224999.00836768374,94.00621843416901,260.9556134796129,188.01243686833803,23857.482557658557,3.1834144245169274,0.0625,0.0234375,4276.135449535798,63.400735844618644,385.2167419403486,981358.1800699607,2.5089166018905207e-08,0.0,0.024065591919147266,3.2768e-05
65,128,1900.0,0.0018999999999999664,1e-06,0.0005,3976.4843592022185,2475874.946299663,4428.179843133844,236609.53110587757,94.24548939270456,263.866504135034,188.4909787854091,24733.07067315991,3.3002482031893474,0.0625,0.0234375,4428.179843133841,63.46406500759021,413.57199959479476,1087421.8367491616,3.020932409738743e-08,0.0,0.024126845284532364,3.2768e-05
65,128,1925.0,0.0019249999999999643,1e-06,0.0005,3975.6831013991264,2524637.414945339,4583.625541626885,252605.96840529208,94.4817866238861,266.3466012287863,188.9635732477722,25630.875711674274,3.4200464888258644,0.0625,0.0234375,4583.625541626881,63.537943925678405,444.8272998669263,1222609.086475973,3.639467773239339e-08,0.0,0.024187337375714837,3.2768e-05
65,128,1950.0,0.0019499999999999622,1e-06,0.0005,3974.8651707551912,2575665.067774895,4740.598494425503,269763.38767498475,94.71517934262485,268.2679229234196,189.4303586852497,26545.49672767571,3.5420886082434735,0.0625,0.0234375,4740.598494425502,63.549766837065135,479.56627608126473,1375563.7470397772,4.3888977570738e-08,0.0,0.02424708591171196,3.2768e-05
65,128,1975.0,0.0019749999999999646,1e-06,0.0005,3974.0307992892504,2629211.5561277713,4896.43500512449,288013.05219667754,94.94572166006374,269.47880712479133,189.89144332012748,27528.332277615656,3.673232908948515,0.0625,0.0234375,4896.43500512449,63.522293423441276,518.4066238637197,1537253.167362472,5.2982695909597233e-08,0.0,0.024306104744976315,3.2768e-05
65,128,2000.0,0.001999999999999968,1e-06,0.0005,3973.1802944288847,2685567.640327438,5047.51236417038,307182.87100764253,95.17345013060152,271.32291286952307,190.34690026120305,29038.809347663293,3.8747828621370224,0.0625,0.0234375,5047.51236417038,63.559798383560086,561.9435717909228,1705973.7432972826,6.406384646844024e-08,0.0,0.024364403233433987,3.2768e-05
65,128,2025.0,0.0020249999999999713,1e-06,0.0005,3972.314033733311,2745066.7300763535,5234.32911241178,326950.500530071,95.3983799963444,277.41083973814193,190.7967599926888,30637.099252601896,4.0880500887039775,0.046875,0.0234375,5234.329112411413,63.46007509432139,610.6821401180432,1898657.9946162552,7.847181260923043e-08,0.0,0.024421985279064164,3.2768e-05
65,128,2050.0,0.0020499999999999746,1e-06,0.0005,3971.4324892724253,2808090.6489382917,5483.413042332831,346783.22985253274,95.6205009799602,283.180399970075,191.2410019599204,32315.876587555937,4.312057125939731,0.046875,0.0234375,5483.413042332318,63.43758171618165,664.9699197376867,2096731.8790106755,1.0395964933287665e-07,0.0,0.02447884825086981,3.2768e-05
65,128,2075.0,0.002074999999999978,1e-06,0.0005,3970.5363005880745,2875075.2736424906,5741.42285522124,365862.82014514646,95.83977380378954,288.4095777744658,191.67954760757908,34062.938722511324,4.54517572038921,0.046875,0.0234375,5741.42285522055,63.43954992421796,724.9456055636956,2295376.5231005214,1.3637868018158664e-07,0.0,0.02453498209377012,3.2768e-05
65,128,2100.0,0.0020999999999999812,1e-06,0.0005,3969.6264041851027,2946515.7880954766,6005.532644526594,387435.979750444,96.05612850578301,292.8023091589216,192.11225701156602,35861.0062082268,4.785100195087989,0.046875,0.0234375,6005.532644525695,63.31355570617503,790.517929103482,2492474.995417637,1.774473544007421e-07,0.0,0.02459036889748045,3.2768e-05
65,128,2125.0,0.0021249999999999845,1e-06,0.0005,3968.704216628423,3022971.8005794953,6271.082675806098,423501.28257224325,96.26946498779884,295.9709688751667,192.53892997559768,37688.31452384501,5.0289264091874895,0.046875,0.0234375,6271.0826758049625,63.36759460042088,861.3826004299972,2690272.4343464645,2.2942567686374138e-07,0.0,0.0246449830368765,3.2768e-05
65,128,2150.0,0.002149999999999988,1e-06,0.0005,3967.7718787726676,3105073.7722211094,6726.9132452597405,461913.4332702773,96.49476775154479,297.41898357752416,192.98953550308957,39839.33156432301,5.3159465781215,0.046875,0.015625,6726.91324525758,63.473292307948604,937.0697101367768,2896442.7953697043,2.949097466761907e-07,0.0,0.024702660544395464,3.2768e-05
65,128,2175.0,0.002174999999999991,1e-06,0.0005,3966.8326257463195,3193534.3053958444,7242.90695227081,501844.5351232214,96.73135443510841,296.527499985168,193.46270887021683,43340.49141854297,5.78312255762926,0.046875,0.015625,7242.906952268108,63.62177914738439,1016.9908827239778,3217942.7786961123,3.7626959411799876e-07,0.0,0.024763226735387753,3.2768e-05
65,128,2192.0,0.002191729,7.290000000065994e-07,0.0005,3966.202630413645,3256680.3446759274,7605.088538790181,528683.1821500269,96.88808441595708,294.2597519676433,193.77616883191416,45825.94735752267,6.114768458177527,0.046875,0.015625,7605.088538787099,63.63185093402364,1072.4871803815731,3496045.539995987,4.4022378858947245e-07,0.0,0.01808164186620726,2.388787200021625e-05
129,256,0.0,0.0,0.0,0.0005,4008.1058608193503,776573.2099139097,3265.5332310870513,0.0,0.0,0.0,0.0,7554.609461872975,1.0,0.0,0.0859375,3265.533231087051,64.92298851688702,0.0,1.4271187913545873,6.366462912410498e-12,0.0,0.0,0.0
129,256,25.0,2.5000000000000008e-05,1e-06,0.0005,4008.083099823372,777108.3793994044,3258.5843200062386,5371.336864804065,3.893422902562027,9.50075613771455,7.786845805124054,7558.841929190723,1.0005602496514359,0.0,0.0859375,3258.584320006238,64.92196730597885,1.0747756884065893,9.607891701976769,7.548806024715304e-11,0.0,0.0019934325261117577,0.000131072
129,256,50.0,4.9999999999999955e-05,1e-06,0.0005,4008.053674888726,778724.939409453,3237.894359168822,10701.072928039182,7.766497982211924,18.95869613686559,15.532995964423847,7571.68839556752,1.0022607301913806,0.0,0.0859375,3237.8943591688217,64.91919137917944,2.134410262305323,18.910767509485595,1.5643308870494366e-10,0.0,0.003976446966892505,0.000131072
129,256,75.0,7.499999999999989e-05,1e-06,0.0005,4008.017614272884,781413.5785881379,3203.8559304525766,15948.725658826712,11.599343338351787,28.332104200278046,23.198686676703574,7593.094977583173,1.0050943090975688,0.0,0.0859375,3203.855930452576,64.91440667294043,3.1643587319890685,27.62299103278201,2.419255906715989e-10,0.0,0.005938863789236115,0.000131072
129,256,100.0,9.999999999999982e-05,1e-06,0.0005,4007.97498306878,785159.1905450971,3157.103816012745,21075.546675744306,15.372904958731176,37.58076289771134,30.745809917462353,7622.973272942498,1.0090492846009507,0.0,0.0859375,3157.1038160127446,64.90718650854808,4.151138740737451,35.65387725667097,3.383320290595293e-10,0.0,0.007870927338870362,0.000131072
129,256,125.0,0.00012499999999999976,1e-06,0.0005,4007.925883438142,789941.3483903082,3098.4878337912537,26045.265594317993,19.069324844220166,46.66663877126896,38.13864968844033,7661.201207056976,1.0141094977472964,0.0,0.0859375,3098.4878337912533,64.90449286089701,5.082759560130398,42.91142490133643,4.3291947804391384e-10,0.0,0.009763494320240724,0.000131072
129,256,150.0,0.0001499999999999997,1e-06,0.0005,4007.8704546476733,795734.9296599502,3029.0377775745014,30824.71143269184,22.675623032628902,55.57405878133868,45.351246065257804,7707.624218405761,1.0202544893028593,0.0,0.0859375,3029.037777574501,64.91296607983239,5.94904337790922,49.17831454286352,5.384208634495735e-10,0.0,0.011609918992705998,0.000131072
129,256,175.0,0.00017499999999999962,1e-06,0.0005,4007.808872725977,802510.8567180553,2949.9230040130997,35384.30475132706,26.17938638030697,64.26986510975624,52.35877276061394,7762.05678501474,1.0274597018136704,0.0,0.0859375,2949.9230040130988,64.92118700898254,6.741823683181792,55.28425848623738,6.366462912410498e-10,0.0,0.013403845826717168,0.000131072
129,256,200.0,0.00019999999999999955,1e-06,0.0005,4007.7413495653177,810236.9128808986,2863.1352572726637,39698.43206585493,29.565859447530556,72.72140113115645,59.13171889506111,7824.284292088803,1.0356967268231188,0.0,0.08984375,2863.1352572726637,64.92820098280261,7.455018569935419,61.067550458945334,7.203198038041592e-10,0.0,0.015137720037135644,0.000131072
129,256,225.0,0.00022499999999999948,1e-06,0.0005,4007.66813132558,818878.5927121822,2770.0548174613523,43765.993823474215,32.824693346592724,80.9051482788748,65.64938669318545,7894.065236669514,1.044933596701421,0.0,0.08984375,2770.0548174613523,64.93287426536739,8.084588471029747,67.20703009655699,7.930793799459934e-10,0.0,0.016806242993455473,0.000131072
129,256,250.0,0.00024999999999999957,1e-06,0.0005,4007.589496051458,828399.9461143983,2672.818960561316,47655.0082412254,35.947652692465375,88.80142060854791,71.89530538493075,7971.133759189812,1.055135119746292,0.0,0.09375,2672.818960561316,64.93388026391717,8.628396741496545,74.59584305994213,8.294591680169106e-10,0.0,0.018405198178542272,0.000131072
129,256,275.0,0.0002750000000000002,1e-06,0.0005,4007.505750478668,838764.379658309,2574.95084658081,51276.70809404738,38.94594288298852,96.3944675668434,77.89188576597704,8055.202484158358,1.0662632562029584,0.0,0.1015625,2574.95084658081,64.92968406516198,9.085996868249822,82.87815683009103,8.294591680169106e-10,0.0,0.01994032275609012,0.000131072
129,256,300.0,0.0003000000000000008,1e-06,0.0005,4007.417226070711,849935.3844988977,2481.391449470042,54621.26505218419,41.80143446867835,103.67248584306043,83.6028689373567,8145.9656432827405,1.0782775316704662,0.0,0.109375,2481.391449470042,64.92264489091939,9.458371849739251,92.73760885791853,8.949427865445614e-10,0.0,0.021402334447963314,0.000131072
129,256,325.0,0.0003250000000000014,1e-06,0.0005,4007.3242743855967,861877.1675418873,2395.627782686497,57682.462583276596,44.511538102929535,110.6275473035787,89.02307620585907,8243.102444606926,1.091135483072775,0.0,0.1171875,2395.6277826864944,64.90721681110671,9.747650005539072,104.1550033944659,9.822542779147625e-10,0.0,0.02278990750869992,0.000131072
129,256,350.0,0.000350000000000002,1e-06,0.0005,4007.2272619156547,874555.1705255767,2318.575869495052,60457.855583202276,47.09177740258624,117.25545212612366,94.18355480517248,8346.280641250807,1.1047931310510863,0.0,0.125,2318.57586949505,64.8953838228851,9.956818037466746,116.89972806209698,1.0550138540565968e-09,0.0,0.024110990030124152,0.000131072
129,256,375.0,0.0003750000000000026,1e-06,0.0005,4007.1265645699614,887936.4696804979,2249.653899765892,62948.891478627935,49.53667013528704,123.55551770546214,99.07334027057408,8455.160243698245,1.1192054713576154,0.0,0.1328125,2249.653899765891,64.91946566771034,10.089447566251692,130.97217485448346,1.0477378964424133e-09,0.0,0.025362775109266964,0.000131072
129,256,400.0,0.0004000000000000032,1e-06,0.0005,4007.022561977863,901990.0560367134,2187.5903933659924,65160.92444551763,51.84076504336839,129.53031473709166,103.68153008673679,8569.397310889397,1.1343269766806492,0.0,0.140625,2187.5903933659915,64.93428228112917,10.149446500520753,146.7075363039039,1.1496013030409813e-09,0.0,0.026542471702204615,0.000131072
129,256,425.0,0.0004250000000000038,1e-06,0.0005,4006.915631786236,916687.0028197254,2131.3845067877987,67103.0616970982,54.0280241131305,135.21461127765545,108.056048226261,8688.647748207637,1.1501120993822367,0.0,0.14453125,2131.384506787798,64.9371605051765,10.140842111882193,162.01564423786476,1.2150849215686321e-09,0.0,0.027662348345922814,0.000131072
129,256,450.0,0.00045000000000000443,1e-06,0.0005,4006.8061441062173,932000.5314248037,2080.3464762224717,68887.48833775171,56.09062567387231,140.67072708494814,112.18125134774462,8812.57103532091,1.1665157649507478,0.0,0.15234375,2080.3464762224717,64.92510144071363,10.06759896960375,180.70466582244262,1.3169483281672e-09,0.0,0.028718400345022623,0.000131072
129,256,475.0,0.00047500000000000504,1e-06,0.0005,4006.6944562417607,947905.9910561857,2045.2114613429228,70567.617528652,58.02556858519452,145.82875674484728,116.05113717038904,8940.833804158086,1.1834938456158701,0.0,0.046875,2045.2114613429228,64.89475776162836,9.933472062498367,198.00645028054714,1.433363649994135e-09,0.0,0.029709091115619594,0.000131072
129,256,500.0,0.0005,9.999999999943865e-07,0.0005,4006.580907806743,964380.7692691187,2032.5478866490107,72022.9915557371,59.86665331242635,150.69849987801337,119.7333066248527,9073.113187366776,1.2010036035823521,0.0,0.04296875,2032.5478866490107,64.91032394546379,9.813547861568168,243.06292300438508,1.3387762010097504e-09,0.0,0.030651726495790226,0.00013107199999926421
129,256,525.0,0.0005250000000000006,1e-06,0.0005,4006.4658163124436,981404.1514736686,2026.7471885886002,73268.44594717286,61.594124276495194,155.29131496563906,123.18824855299039,9209.099860563134,1.2190040937311364,0.0,0.04296875,2026.7471885886002,64.93173801240984,9.801380743410846,299.8803129894659,1.6880221664905548e-09,0.0,0.03153619162956554,0.000131072
129,256,550.0,0.0005500000000000012,1e-06,0.0005,4006.3494732852796,998957.1471382733,2024.3896258399159,74320.33782735866,63.21424841217234,159.61981485681028,126.42849682434468,9348.50070753843,1.2374565164114657,0.0,0.04296875,2024.3896258399159,64.93271033287076,9.896194654356805,364.1089587500319,1.7316779121756554e-09,0.0,0.03236569518703224,0.000131072
129,256,575.0,0.0005750000000000018,1e-06,0.0005,4006.2321409564474,1017022.2991988988,2025.0068395144165,75195.81915663222,64.7582704677148,163.69757007506797,129.5165409354296,9491.041046164068,1.2563245120828528,0.0,0.04296875,2025.0068395144165,64.9090057594569,10.099413037594786,436.77965123951435,1.6880221664905548e-09,0.0,0.03315623447946997,0.000131072
129,256,600.0,0.0006000000000000024,1e-06,0.0005,4006.1140495503887,1035583.4912799953,2028.1197095100986,75912.17041906832,66.20378422337032,167.53882470729758,132.40756844674064,9636.466363700481,1.275574391017079,0.0,0.04296875,2028.1197095100986,64.8772779219156,10.371681301168792,524.1074005132541,1.8189894035458565e-09,0.0,0.0338963375223656,0.000131072
129,256,625.0,0.000625000000000003,1e-06,0.0005,4005.995395187071,1054625.765002364,2033.2614277547336,76486.24351580194,67.56176066464603,171.15822882370696,135.12352132929206,9784.543523092228,1.295175292974893,0.0,0.04296875,2033.2614277547336,64.9141353508755,10.679152919197804,622.5240466389805,1.8480932340025902e-09,0.0,0.03459162146029877,0.000131072
129,256,650.0,0.0006500000000000037,1e-06,0.0005,4005.876338402999,1074135.1571023052,2039.99429778118,77113.64084953767,68.85828968904977,174.57059054474857,137.71657937809954,9935.06141602144,1.3150992736503804,0.0,0.04296875,2039.99429778118,64.92341961343136,11.091480459141167,733.2401081500575,1.9208528101444244e-09,0.0,0.03525544432079348,0.000131072
129,256,675.0,0.0006750000000000043,1e-06,0.0005,4005.757003286456,1094098.5634954884,2047.9205171522083,77644.73178390677,70.07298020664429,177.79065005135362,140.14596041328858,10087.831053315236,1.3353213166381486,0.0,0.04296875,2047.9205171522078,64.89984769108311,11.518439573423166,857.644703055732,1.8335413187742233e-09,0.0,0.035877365865801876,0.000131072
129,256,700.0,0.0007000000000000049,1e-06,0.0005,4005.6374772131594,1114503.6349307243,2056.6878204760087,78066.5022013054,71.21191293421649,180.8328770425856,142.42382586843297,10242.685098040096,1.3558192716292552,0.0,0.04296875,2056.6878204760083,64.84895662459161,11.98696002304132,997.3384611075744,1.979060471057892e-09,0.0,0.03646049942231884,0.000131072
129,256,725.0,0.0007250000000000055,1e-06,0.0005,4005.5178111588707,1135338.7065996358,2065.991102379179,78390.9110502402,72.30782460277683,183.71129239513115,144.61564920555367,10399.476860560459,1.3765737213876004,0.0,0.04296875,2065.991102379178,64.89549869536663,12.54032383190679,1155.4149636663496,2.0372681319713593e-09,0.0,0.03702160619662174,0.000131072
129,256,750.0,0.0007500000000000061,1e-06,0.0005,4005.398020555404,1156592.762070858,2075.5711217649045,78628.72058894567,73.33669104788864,186.43931408767827,146.67338209577727,10558.078787342401,1.3975677817136019,0.0,0.04296875,2075.5711217649014,64.90548890523864,13.086396411881651,1338.394097304903,2.0081643015146255e-09,0.0,0.03754838581651898,0.000131072
129,256,775.0,0.0007750000000000067,1e-06,0.0005,4005.278086646432,1178255.4302451843,2085.2112703997955,78804.89173017527,74.30298622160223,189.02962683482838,148.60597244320445,10718.380485806114,1.4187868399948713,0.0,0.04296875,2085.211270399791,64.8724388752372,13.627012143138927,1543.7346136765555,2.0954757928848267e-09,0.0,0.03804312894546034,0.000131072
129,256,800.0,0.0008000000000000073,1e-06,0.0005,4005.1579582897652,1200317.0126999484,2095.4282849835945,79037.91681437874,75.22549902282688,191.49407434192895,150.45099804565376,10880.286335674886,1.440218239021636,0.015625,0.04296875,2095.4282849835936,64.83078824157536,14.305425986132832,1774.270641724579,2.0372681319713593e-09,0.0,0.03851545549968736,0.000131072
129,256,825.0,0.0008250000000000079,1e-06,0.0005,4005.0375541441877,1222768.5378063386,2107.093266153481,79345.4199894935,76.1059672573432,193.8435726525968,152.2119345146864,11043.71274280277,1.461850913477235,0.0234375,0.04296875,2107.093266153481,64.87875320773524,14.984638483812887,2033.3080140622333,2.35741026699543e-09,0.0,0.038966255235759716,0.000131072
129,256,850.0,0.0008500000000000085,1e-06,0.0005,4004.916765171846,1245601.8373471594,2120.2023358524516,79926.11261206007,76.93570122015794,196.08804271908102,153.87140244031588,11208.585094334598,1.4836749868941221,0.03125,0.04296875,2120.202335852451,64.87906765095218,15.665957437578982,2324.7073658574373,2.2264430299401283e-09,0.0,0.03939107902472086,0.000131072
129,256,875.0,0.0008750000000000091,1e-06,0.0005,4004.795457382257,1268809.6410088816,2134.1333714079437,80559.92816562376,77.71831328998996,198.23636008197047,155.43662657997993,11374.834474379364,1.5056813369091433,0.03125,0.04296875,2134.1333714079437,64.8264095068645,16.350934246513134,2652.9739136537537,2.066371962428093e-09,0.0,0.03979177640447486,0.000131072
129,256,900.0,0.0009000000000000097,1e-06,0.0005,4004.673474741391,1292385.684037939,2150.15309304164,81279.09425664529,78.46801225394621,200.2963193961793,156.93602450789243,11542.394197435522,1.5278611363947165,0.0390625,0.04296875,2150.1530930416393,64.82207128659638,17.072016314468783,3023.3607501583174,2.1245796233415604e-09,0.0,0.04017562227402046,0.000131072
129,256,925.0,0.0009250000000000103,1e-06,0.0005,4004.5506421692617,1316324.8234999396,2166.838511760924,82122.55857952792,79.18889021020496,202.27461147747456,158.37778042040992,11711.19621299509,1.5502053775380196,0.0390625,0.04296875,2166.838511760923,64.86062221854009,17.9066950705801,3442.005208387971,2.3137545213103294e-09,0.0,0.040544711787624935,0.000131072
129,256,950.0,0.000950000000000011,1e-06,0.0005,4004.4267685517875,1340623.1589229803,2184.189298037041,83174.60990996068,79.87160317038692,204.1768105586355,159.74320634077384,11881.16742956678,1.5727043852537077,0.046875,0.04296875,2184.189298037041,64.84206710813814,18.756274102015595,3916.1176992347464,2.444721758365631e-09,0.0,0.0408942608232381,0.000131072
129,256,975.0,0.0009750000000000116,1e-06,0.0005,4004.3016496973987,1365278.1536035792,2204.1881648739413,84325.21855003049,80.51894621441518,206.007369525888,161.03789242883036,12056.516750911596,1.5959152900966092,0.046875,0.04296875,2204.1881648739413,64.76008641556025,19.62343463293655,4454.213953652419,2.5756889954209328e-09,0.0,0.04122570046178057,0.000131072
129,256,1000.0,0.001,9.99999999990375e-07,0.0005,4004.1750711753507,1390288.7534683929,2224.7837972988314,85542.01652396722,81.13354279503446,207.76962104352003,162.26708559006892,12239.749962354854,1.6201697816580867,0.046875,0.04296875,2224.7837972988314,64.8171752716074,20.511233074619668,5066.336206623353,2.1973391994833946e-09,0.0,0.04154037391065781,0.00013107199999873843
129,256,1025.0,0.001024999999999998,1e-06,0.0005,4004.0468109807316,1415655.5010820215,2248.1412728775886,86829.938378405,81.72464266975976,209.66463363247072,163.44928533951952,12425.070732251907,1.6447006023222575,0.0546875,0.0390625,2248.1412728775867,64.83407881864218,21.423006646047725,5764.197272516787,2.4883775040507317e-09,0.0,0.041843017046916994,0.000131072
129,256,1050.0,0.0010499999999999958,1e-06,0.0005,4003.9166419801627,1441380.6431389432,2273.8800152124286,88193.85752320953,82.29808423945202,211.54967209947193,164.59616847890405,12612.388906117627,1.669495818383536,0.0546875,0.0390625,2273.880015212428,64.78360364692601,22.362191146512487,6561.261766024865,2.6338966563344e-09,0.0,0.042136619130599434,0.000131072
129,256,1075.0,0.0010749999999999937,1e-06,0.0005,4003.7843341016646,1467468.2305493548,2300.734555440171,89698.84193985064,82.84480575563497,213.39416474968516,165.68961151126993,12801.588430415464,1.6945400678914293,0.0546875,0.0390625,2300.734555440171,64.74574311888628,23.332201208235347,7472.9409974217415,2.939486876130104e-09,0.0,0.0424165405468851,0.000131072
129,256,1100.0,0.0010999999999999916,1e-06,0.0005,4003.649656241774,1493924.2110002795,2328.77993922805,91476.0937767065,83.36677657918666,215.19739962008506,166.73355315837333,12992.523569881854,1.7198140599395968,0.0546875,0.0390625,2328.77993922805,64.80638708940464,24.43450391474107,8517.18715082854,3.230525180697441e-09,0.0,0.04268378960854357,0.000131072
129,256,1125.0,0.0011249999999999895,1e-06,0.0005,4003.5123778721418,1520756.5146278478,2358.815502115015,93353.53811091809,83.86583168410212,216.95757374838706,167.73166336820424,13198.521815864433,1.7470819481106827,0.0625,0.0390625,2358.815502115015,64.78882323858993,25.59927376287669,9715.622870962135,3.332388587296009e-09,0.0,0.042939305822260285,0.000131072
129,256,1150.0,0.0011499999999999874,1e-06,0.0005,4003.3722703364206,1547975.1341602174,2391.047533815697,95336.00491228329,84.34367847498626,218.6717869104221,168.68735694997252,13411.751183817709,1.7753070163990454,0.0625,0.0390625,2391.047533815695,64.68079469424195,26.809565678482613,11094.85957994964,3.943569026887417e-09,0.0,0.04318396337919297,0.000131072
129,256,1175.0,0.0011749999999999853,1e-06,0.0005,4003.2291078357644,1575592.201575667,2424.6737163143093,97428.26317651797,84.80190371095429,220.5796829967254,169.60380742190858,13627.72078347623,1.8038948078326713,0.0625,0.0390625,2424.6737163143057,64.75394026638445,28.068936494579248,12687.120213798247,4.103640094399452e-09,0.0,0.043418574700008594,0.000131072
129,256,1200.0,0.0011999999999999832,1e-06,0.0005,4003.0826681076987,1603622.0639636116,2459.761588873218,99634.95260148439,85.24198044164508,222.5873404159544,170.48396088329017,13846.179056795932,1.8328120237949563,0.0625,0.0390625,2459.761588873214,64.7769004334911,29.38252732890396,14529.305563748814,4.307366907596588e-09,0.0,0.04364389398612228,0.000131072
129,256,1225.0,0.001224999999999981,1e-06,0.0005,4002.9327328083505,1632081.3618791006,2496.3783063966425,101960.49898715019,85.67445201072458,224.56473897313833,171.34890402144916,14078.255381654464,1.8635318546518373,0.0625,0.0390625,2496.378306396639,64.70381185804216,30.757788364553562,16680.317596080713,4.642060957849026e-09,0.0,0.043865319429490984,0.000131072
129,256,1250.0,0.001249999999999979,1e-06,0.0005,4002.7790876117933,1660989.114050124,2536.6363503430725,104409.02178076224,86.09156945026271,226.50535392286298,172.18313890052542,14327.563582711578,1.896532660625374,0.0625,0.03515625,2536.6363503430725,64.66691544178818,32.20397871348905,19178.830997462384,4.394678398966789e-09,0.0,0.0440788835585345,0.000131072
129,256,1275.0,0.0012749999999999769,1e-06,0.0005,4002.621522043068,1690366.8128436024,2581.2515678597847,106984.23595717271,86.49348013226663,228.4013845369785,172.98696026453325,14580.505114847943,1.930014408876283,0.0625,0.03515625,2581.2515678597847,64.74655258051637,33.73041113139334,22077.2906411062,5.529727786779404e-09,0.0,0.04428466182772051,0.000131072
129,256,1300.0,0.0012999999999999748,1e-06,0.0005,4002.4598290626586,1720238.5354363478,2628.077424943177,109816.23300928659,86.88127389018332,230.46931270733313,173.76254778036665,14836.668183993752,1.9639225904227449,0.0625,0.03515625,2628.077424943177,64.71432360491522,35.3444155759571,25449.490748035256,5.791662260890007e-09,0.0,0.04448321223177386,0.000131072
129,256,1325.0,0.0013249999999999727,1e-06,0.0005,4002.293804420676,1750631.076190942,2677.215673294219,113006.88109120741,87.25596144004865,232.79735698041503,174.5119228800973,15118.683805102968,2.001252861766685,0.0625,0.03515625,2677.215673294219,64.5653516255379,37.05049450204024,29379.461506695487,5.0495145842432976e-09,0.0,0.044675052257304906,0.000131072
129,256,1350.0,0.0013499999999999706,1e-06,0.0005,4002.1232457981737,1781574.1063276886,2728.7640317698465,116465.35950219072,87.61847985332861,235.0924092372004,175.23695970665722,15416.726158017982,2.040704583846985,0.0625,0.03515625,2728.7640317698465,64.6810769629617,38.85158341209535,33953.96318596788,5.718902684748173e-09,0.0,0.04486066168490425,0.000131072
129,256,1375.0,0.0013749999999999685,1e-06,0.0005,4001.9479517515415,1813100.3676442935,2782.813813139557,120117.1680635521,87.96969776491186,237.34247051914076,175.9393955298237,15719.39124852215,2.0807682154657567,0.0625,0.03515625,2782.813813139557,64.71040863328724,40.75193976257651,39256.34532945044,6.897607818245888e-09,0.0,0.045040485255634866,0.000131072
129,256,1400.0,0.0013999999999999664,1e-06,0.0005,4001.767720473507,1845245.90780432,2839.448607022801,123967.28792726676,88.31042030486,239.53361829243224,176.62084060972,16031.223689647404,2.122045324851626,0.0625,0.03515625,2839.448607022801,64.60497274652367,42.75995579742812,45370.95781305758,8.09086486697197e-09,0.0,0.04521493519608832,0.000131072
129,256,1425.0,0.0014249999999999643,1e-06,0.0005,4001.5823483813824,1878050.3656409497,2898.744213601261,128018.87877129468,88.6413937477314,242.05144237733123,177.2827874954628,16388.264025185163,2.1693065813520036,0.0625,0.03515625,2898.744213601261,64.56383143263889,46.60478039128793,52404.17882919358,7.377821020781994e-09,0.0,0.045384393598838474,0.000131072
129,256,1450.0,0.0014499999999999622,1e-06,0.0005,4001.391628539531,1911557.3160607126,2960.768850019688,132272.65966503412,88.96330987769394,244.84132023939378,177.9266197553879,16751.964242218077,2.2174494031442427,0.0625,0.03515625,2960.768850019688,64.67084490530962,50.88404508685471,60516.197291271295,8.527422323822975e-09,0.0,0.045549214657379294,0.000131072
129,256,1475.0,0.00147499999999996,1e-06,0.0005,4001.1953489189236,1945814.6855531984,3027.2133046849062,136726.12250827465,89.27681007130121,247.5824204135168,178.55362014260243,17121.44292323255,2.2663571174184454,0.0625,0.03125,3027.2133046849062,64.63434287779393,55.49168347978684,69942.49934786232,8.381903171539307e-09,0.0,0.04570972675650622,0.000131072
129,256,1500.0,0.0015,1.000000000041983e-06,0.0005,4000.9932904918824,1980875.251108193,3104.752849354722,141855.9241303555,89.58248910279583,250.2540121868376,179.16497820559167,17536.489150481975,2.3212965857449164,0.0625,0.03125,3104.752849354722,64.44139533569657,60.4610589362519,80978.654021102,8.993083611130714e-09,0.0,0.045866234422557065,0.0001310720000055028
129,256,1525.0,0.001524999999999998,1e-06,0.0005,4000.785225154721,2016797.2376281125,3186.211920230089,147660.66155605693,89.88089867916801,252.83188259877173,179.76179735833603,17981.243700330764,2.3801685303627553,0.0625,0.03125,3186.211920230089,64.58149275000223,65.83033671019984,93918.98422090989,8.905772119760513e-09,0.0,0.046019020123734024,0.000131072
129,256,1550.0,0.0015499999999999958,1e-06,0.0005,4000.5709134649874,2053645.0318551587,3271.6467098788853,153782.67602032496,90.1725507140264,256.18972570243767,180.3451014280528,18434.573541536018,2.440175582149237,0.0625,0.03125,3271.6467098788853,64.6359036632188,71.6433938158907,108977.67168021761,1.0826624929904938e-08,0.0,0.04616834596558152,0.000131072
129,256,1575.0,0.0015749999999999937,1e-06,0.0005,4000.3501021732322,2091490.034603113,3361.070185773237,160213.12821181418,90.45792035063859,259.60018964015256,180.91584070127718,18915.892104716815,2.5038874875243513,0.0625,0.03125,3361.070185773237,64.52612725501785,77.9509400392335,126256.40559251327,1.123407855629921e-08,0.0,0.04631445521952696,0.000131072
129,256,1600.0,0.0015999999999999916,1e-06,0.0005,4000.1225215208033,2130411.6779666618,3454.4468206728448,166930.9736697762,90.73744874537309,262.92369188989204,181.47489749074617,19470.278252190037,2.577271313686528,0.0625,0.03125,3454.4468206728448,64.4206315185111,84.81190471579976,145819.49542222917,1.1335941962897778e-08,0.0,0.046457573757631015,0.000131072
129,256,1625.0,0.0016249999999999895,1e-06,0.0005,3999.887882263843,2170498.640536767,3551.6826968286,173898.292443195,91.0115456231882,266.12220358398406,182.0230912463764,20037.69308161483,2.6523797401761375,0.0625,0.03125,3551.6826968286,64.58449644271403,92.29515549802454,167874.16686266195,1.1663360055536032e-08,0.0,0.046597911359072354,0.000131072
129,256,1650.0,0.0016499999999999874,1e-06,0.0005,3999.645872368255,2211850.3019996616,3659.258513958318,182324.76612503224,91.28059161680687,269.73474664372606,182.56118323361375,20615.97007554386,2.7289259861267072,0.0625,0.02734375,3659.258513958318,64.57861923137867,100.48163254596602,192955.0255879229,1.2456439435482025e-08,0.0,0.04673566290780512,0.000131072
129,256,1675.0,0.0016749999999999853,1e-06,0.0005,3999.3961533020706,2254578.4895486273,3782.8075124442735,191536.29047006866,91.544940400854,274.06718881575017,183.089880801708,21309.08069854759,2.820672704008255,0.0625,0.02734375,3782.8075124442735,64.44143602963906,109.46701667382695,221951.44510318898,1.3715180102735758e-08,0.0,0.046871009485237244,0.000131072
129,256,1700.0,0.0016999999999999832,1e-06,0.0005,3999.138355834547,2298809.583238541,3911.7346922492475,201274.51978819596,91.80492063166767,278.28240780035804,183.60984126333534,22035.7037750132,2.916855449143231,0.0625,0.02734375,3911.7346922492475,64.43533689186425,119.36512187111293,256791.5170825757,1.7229467630386353e-08,0.0,0.047004119363413845,0.000131072
129,256,1725.0,0.001724999999999981,1e-06,0.0005,3998.872075237477,2344687.0670216796,4045.5235442760372,212490.3939322106,92.06083770288822,282.316440217459,184.12167540577644,22779.403778289896,3.0152986588193955,0.0625,0.02734375,4045.5235442760372,64.56501549407781,130.3123228531722,296239.7096817577,1.8961145542562008e-08,0.0,0.047135148903878765,0.000131072
129,256,1750.0,0.001749999999999979,1e-06,0.0005,3998.596865760983,2392374.638562575,4189.131649475922,225702.99131294535,92.31297532599265,286.42732681996745,184.6259506519853,23634.70157477563,3.128514014398304,0.0546875,0.02734375,4189.131649475896,64.53130400029845,142.47347118653306,340846.21972086653,2.3836037144064903e-08,0.0,0.04726424336690824,0.000131072
129,256,1775.0,0.001774999999999977,1e-06,0.0005,3998.312234191501,2442060.02713823,4360.733254503775,239731.15503777325,92.56159694284165,292.05856588492793,185.1231938856833,24590.880679482732,3.2550829799461325,0.0546875,0.02734375,4360.733254503747,64.4139552031424,156.0498288967019,391820.5076766368,2.287561073899269e-08,0.0,0.04739153763473492,0.000131072
129,256,1800.0,0.0017999999999999748,1e-06,0.0005,3998.0176321726717,2493959.7202333272,4541.784264784386,254447.7430264624,92.80694697350816,297.5112615842119,185.61389394701632,25574.511682872006,3.385285740042934,0.0546875,0.02734375,4541.784264784373,64.43656952716273,171.28943306367,448469.47085669823,2.6106135919690132e-08,0.0,0.04751715685043618,0.000131072
129,256,1825.0,0.0018249999999999727,1e-06,0.0005,3997.7124468402335,2548324.873393385,4731.508916145558,269613.3434753865,93.04925189905224,302.66614349243673,187.6121654914283,26669.95929966127,3.530289611165304,0.0546875,0.02734375,4731.508916145558,64.54077715637453,188.50000784713484,512050.0192984501,2.9132934287190437e-08,0.0,0.04802871436580564,0.000131072
129,256,1850.0,0.0018499999999999706,1e-06,0.0005,3997.3959893478964,2605448.78308134,4963.85565828856,289538.98849339754,94.50435717319301,307.9370712476212,191.1336538333465,27972.07613708174,3.702650187048421,0.0546875,0.0234375,4963.85565828856,64.51254955953438,208.0644996176743,585129.0081174364,3.614695742726326e-08,0.0,0.048930215381336704,0.000131072
129,256,1875.0,0.0018749999999999685,1e-06,0.0005,3997.067481104533,2665676.448265483,5212.3974432678415,311797.5050365186,96.21377590174535,315.4497474348945,194.67905015749693,29319.949338762024,3.8810675107344177,0.0546875,0.0234375,5212.3974432678415,64.42248953159034,230.4605739533672,670369.3854415165,4.573889895016032e-08,0.0,0.04983783684031921,0.000131072
129,256,1900.0,0.0018999999999999664,1e-06,0.0005,3996.7260376168542,2729416.95349515,5470.77128763087,335928.13999568473,98.17443994047306,322.63011948327437,199.2413921007836,30798.477494194114,4.07677956744549,0.0546875,0.0234375,5470.77128763087,64.4130167782763,256.2891527503998,768238.6037978828,5.871240494768108e-08,0.0,0.0510057963778006,0.000131072
129,256,1925.0,0.0019249999999999643,1e-06,0.0005,3996.370648988614,2797159.7306792173,5735.141731557386,368306.26652950974,100.42629145638499,329.21842812411427,203.93352966964414,32648.686644144662,4.321690857603941,0.0546875,0.0234375,5735.141731557386,64.5197546126321,286.3229874133358,875351.3830203917,6.801565177738667e-08,0.0,0.0522069835954289,0.000131072
129,256,1950.0,0.0019499999999999622,1e-06,0.0005,3996.0001544754477,2869496.313159451,6065.260011304663,403119.057151921,102.68570078573022,337.4021635376479,208.6462201240823,34577.076365427085,4.576950872170508,0.046875,0.0234375,6065.260011304465,64.52232867130293,321.59061590987585,985963.6017907774,1.0311558005979272e-07,0.0,0.053413432351765065,0.000131072
129,256,1975.0,0.0019749999999999646,1e-06,0.0005,3995.613208312115,2947150.1283212444,6445.026775754176,439033.52872899343,104.90360626285856,347.6698217502794,213.27910808789403,36777.6319861688,4.868237355190922,0.046875,0.01953125,6445.026775753738,64.46453263351664,363.5071988905747,1097773.1835702397,1.5595881908811266e-07,0.0,0.05459945167050087,0.000131072
129,256,2000.0,0.001999999999999968,1e-06,0.0005,3995.208237726855,3031018.2886417685,6937.51854454522,485657.3913145559,107.55089889732021,357.0961509200639,219.5552866957997,39605.63699410206,5.242579010071401,0.046875,0.01953125,6937.5185445444495,64.38197606518183,414.04901266288107,1221558.3829298755,2.19502580853364e-07,0.0,0.05620615339412472,0.000131072
129,256,2025.0,0.0020249999999999713,1e-06,0.0005,3994.7833980624646,3122231.3807600564,7459.930130760417,543678.161879781,110.47603219731877,365.8781258613502,225.7328751577258,42615.07392652994,5.640936721031323,0.046875,0.01953125,7459.930130759242,64.50775847307496,475.95644680744044,1396870.2245924063,2.877405620568726e-07,0.0,0.057787616040377805,0.000131072
129,256,2050.0,0.0020499999999999746,1e-06,0.0005,3994.336524446512,3222240.6140736863,7995.908010264667,615465.0831767905,113.21585800453218,381.0789997901093,231.5363925097146,46369.13269558826,6.137859664302515,0.046875,0.01953125,7995.908010263028,64.53635982633165,552.9770885100806,1610849.8708536942,3.714191627885507e-07,0.0,0.05927331648248694,0.000131072
129,256,2075.0,0.002074999999999978,1e-06,0.0005,3993.8650664477027,3332948.509633181,8703.581454134644,712039.7127028772,116.23223783831975,394.82219174086094,239.05174078207574,51007.160609067316,6.751793175609289,0.046875,0.015625,8703.581454132225,64.52978753729134,650.265644578325,1834265.8190413043,5.023839594556427e-07,0.0,0.06119724564021139,0.000131072
129,256,2100.0,0.0020999999999999812,1e-06,0.0005,3993.3660038356147,3456914.0547829443,9458.08957120207,810920.4557721706,119.69982019986831,406.34748852989924,246.60062603746633,55873.74812220534,7.39598101055946,0.0390625,0.015625,9458.08957120207,64.49390185914666,775.2437343685215,2054977.079011416,7.001684436328669e-07,0.0,0.06312976026559138,0.000131072
129,256,2125.0,0.0021249999999999845,1e-06,0.0005,3992.8358090562338,3597694.428647124,10613.98619291744,948387.8610877481,123.46008743454153,429.9756035544041,253.3706425288591,63361.79640873667,8.387170339977802,0.0390625,0.015625,10613.98619291744,64.4767534402659,939.436032857684,2249675.9887487628,9.213543716455676e-07,0.0,0.06486288448738793,0.000131072
129,256,2150.0,0.002149999999999988,1e-06,0.0005,3992.2705989247324,3760450.7112028357,11813.464425948245,1129846.5733516053,127.16285408598544,449.8391837652282,262.4291158141572,71629.53385022501,9.48156674567083,0.0390625,0.015625,11813.46442594715,64.554574259573,1161.9942487129538,2384021.71582097,1.5398348085203843e-06,0.0,0.06718185364842424,0.000131072
129,256,2175.0,0.002174999999999991,1e-06,0.0005,3991.6665973993686,3953077.483023301,13607.226716548308,1436579.3778129271,132.28729260445536,470.2463793666534,267.3203891826673,84632.24014463314,11.202728687930177,0.0390625,0.01171875,13607.226716533494,64.57168046301666,1475.9211267535138,2539969.9888082594,3.5905068035609907e-06,0.0,0.06843401963076283,0.000131072
129,256,2192.0,0.002191729,7.290000000065994e-07,0.0005,3991.2392773354522,4104701.566902766,14742.936697949202,1680047.8020988184,135.09566468629882,495.54995850924274,273.2436657175743,95911.01941340044,12.695695243738214,0.0390625,0.01171875,14742.936697925023,64.58587734789944,1764.1310621189623,2734343.0701825693,6.344191778306283e-06,0.0,0.05099382587133821,9.5551488000865e-05
193,384,0.0,0.0,0.0,0.0005,4008.105579707902,777074.069444,3265.5882935410696,0.0,0.0,0.0,0.0,7561.484634978418,1.0,0.0,0.08333333333333333,3265.5882935410696,64.94519473172839,0.0,0.4232395925646415,9.407585821463726e-12,0.0,0.0,0.0
193,384,25.0,2.5000000000000008e-05,1e-06,0.0005,4008.0846547821466,777612.0319139421,3258.5744840062434,5386.38100651739,3.891856992326071,9.556066872129337,7.783713984652142,7565.7956085284095,1.0005701226357122,0.0,0.08333333333333333,3258.5744840062434,64.94499460561251,0.4818716323668468,2.8594549153349362,1.3096723705530167e-10,0.0,0.002988946170106422,0.00029491200000000004
193,384,50.0,4.9999999999999955e-05,1e-06,0.0005,4008.060736705656,779237.0134104489,3237.850434452827,10731.073776413883,7.763581635941532,19.06993936074539,15.527163271883063,7578.877873773119,1.0023002412402244,0.0,0.0859375,3237.8504344528264,64.94470565680929,0.9569189965501437,5.62669352843659,2.546585164964199e-10,0.0,0.005962430696403096,0.00029491200000000004
193,384,75.0,7.499999999999989e-05,1e-06,0.0005,4008.033823123416,781939.7336842832,3203.7583084404223,15993.515518997798,11.595499727145643,28.500506551091394,23.190999454291287,7600.676655566973,1.005183111846483,0.0,0.0859375,3203.758308440422,64.94409025972605,1.4185868711560943,8.227697241702117,3.8198777474462986e-10,0.0,0.008905343790447854,0.00029491200000000004
193,384,100.0,9.999999999999982e-05,1e-06,0.0005,4008.003928341119,785705.1394257295,3156.933192634091,21134.889085659648,15.368750686298537,37.808115871959004,30.737501372597073,7631.102089622218,1.009206849977815,0.0,0.0859375,3156.9331926340906,64.94274910171693,1.8607994633002818,10.619902280741371,5.020410753786564e-10,0.0,0.011803200527077276,0.00029491200000000004
193,384,125.0,0.00012499999999999976,1e-06,0.0005,4007.971083500416,790512.8784213144,3098.2268996144226,26118.870872675565,19.065649550132523,46.95524052806287,38.131299100265046,7670.030087240777,1.0143550450079926,0.0,0.0859375,3098.226899614422,64.94011626657156,2.278153576232853,12.738917668350041,5.784386303275824e-10,0.0,0.014642418854501777,0.00029491200000000004
193,384,150.0,0.0001499999999999997,1e-06,0.0005,4007.93533665615,796337.9240278654,3028.671550182584,30912.2546683272,22.669999486000926,55.90707917919998,45.33999897200185,7717.303541104536,1.0206069196259846,0.0,0.0859375,3028.6715501825834,64.93545235224606,2.6660628194995297,14.667933386634104,5.893525667488575e-10,0.0,0.01741055960524871,0.00029491200000000004
193,384,175.0,0.00017499999999999962,1e-06,0.0005,4007.8967526723623,803151.3150854332,2949.5276737340782,35495.19084393636,26.17037805041631,64.63207106000914,52.34075610083262,7772.733870291404,1.0279375341630366,0.0,0.08854166666666666,2949.5276737340782,64.9287188483869,3.020846013975188,16.440699057653546,8.731149137020111e-10,0.0,0.02009885034271973,0.00029491200000000004
193,384,200.0,0.00019999999999999955,1e-06,0.0005,4007.8554128572914,810920.9715241485,2862.7834879341676,39880.1397173685,29.555688609613345,73.10626254424768,59.11137721922669,7836.102900190426,1.0363180352098662,0.0,0.08854166666666666,2862.7834879341676,64.93769027732749,3.339758887053449,18.192461056401953,1.1059455573558807e-09,0.0,0.022698768852183047,0.00029491200000000004
193,384,225.0,0.00022499999999999948,1e-06,0.0005,4007.811414273205,819612.5440823993,2769.557874316096,44016.821059044414,32.81338289951048,81.33435803484537,65.62676579902096,7907.16506919813,1.045715947450404,0.0,0.09114583333333333,2769.557874316096,64.94456651940476,3.6209734800963815,20.079289209097624,1.1641532182693481e-09,0.0,0.02520067806682405,0.00029491200000000004
193,384,250.0,0.00024999999999999957,1e-06,0.0005,4007.7648686815887,829190.2576932653,2672.2403786794735,47888.3506794899,35.94137272709955,89.27400835704324,71.8827454541991,7985.64994896767,1.0560955069626299,0.0,0.09375,2672.2403786794735,64.9480123107422,3.863513736079767,22.24476403137669,1.0550138540565968e-09,0.0,0.027602974254412452,0.00029491200000000004
193,384,275.0,0.0002750000000000002,1e-06,0.0005,4007.7159011138674,839617.711887249,2574.5597442344924,51481.64394509901,38.93327602695338,96.90952155266305,77.86655205390676,8071.265058650295,1.0674180333996448,0.0,0.1015625,2574.5597442344924,64.94648137380206,4.067158154355184,24.793928595492616,1.57160684466362e-09,0.0,0.029900755988700192,0.00029491200000000004
193,384,300.0,0.0003000000000000008,1e-06,0.0005,4007.664648087685,850858.6074610447,2481.1712099645206,54787.52902940027,41.7845316338296,104.22918624832077,83.5690632676592,8163.698946225415,1.0796423374929882,0.0,0.109375,2481.1712099645206,64.93819867563968,4.232321177098129,27.775970227550715,1.7680577002465725e-09,0.0,0.032090520294781134,0.00029491200000000004
193,384,325.0,0.0003250000000000014,1e-06,0.0005,4007.6112555150567,862877.3759973908,2395.5784259588163,57800.86336496028,44.50073848708382,111.22519605887146,89.00147697416764,8262.624501968206,1.0927251592559493,0.0,0.11979166666666666,2395.578425958816,64.93433404883864,4.35992435899152,31.17752364068292,1.5133991837501526e-09,0.0,0.03417656715808037,0.00029491200000000004
193,384,350.0,0.000350000000000002,1e-06,0.0005,4007.5558763683325,875639.696863646,2318.689890770564,60549.71372193152,47.07444423092451,117.89349852896574,94.14888846184903,8367.702460737346,1.1066216311581818,0.0,0.12760416666666666,2318.689890770563,64.94576192850022,4.451266778934951,35.031379914376885,1.7316779121756554e-09,0.0,0.036153173169350024,0.00029491200000000004
193,384,375.0,0.0003750000000000026,1e-06,0.0005,4007.498668181739,889112.8943723718,2249.7322878325485,63120.90627832668,49.51821423024376,124.23357943120078,99.03642846048751,8478.58504151896,1.1212857594523378,0.0,0.1328125,2249.7322878325463,64.9480883427512,4.50790203240922,39.400152436690405,2.1245796233415604e-09,0.0,0.038029988528827205,0.00029491200000000004
193,384,400.0,0.0004000000000000032,1e-06,0.0005,4007.43979047011,903266.2152590794,2187.710898643542,65419.18397352598,51.8250110890775,130.31329582648124,103.650022178155,8594.919665005345,1.1366709158207364,0.0,0.140625,2187.7108986435414,64.93877153573156,4.531526901766938,44.00806205556728,1.9572325982153416e-09,0.0,0.03980160851641152,0.00029491200000000004
193,384,425.0,0.0004250000000000038,1e-06,0.0005,4007.3794021435547,918070.9930647784,2131.6321502521423,67451.56239811041,54.00925065244343,136.08457323032115,108.01850130488685,8716.352683391113,1.152730330637773,0.0,0.14583333333333331,2131.6321502521423,64.93243693731065,4.523884734477633,49.01803335850127,1.9863364286720753e-09,0.0,0.04147910450107655,0.00029491200000000004
193,384,450.0,0.00045000000000000443,1e-06,0.0005,4007.317658988983,933500.7111091153,2080.6273166111805,69228.41673964748,56.06722806346717,141.54774670316036,112.13445612693434,8842.533051484825,1.1694175784713556,0.0,0.15104166666666666,2080.6273166111805,64.9448175014677,4.486684841392162,54.38359065167606,2.153683453798294e-09,0.0,0.043059631152742785,0.00029491200000000004
193,384,475.0,0.00047500000000000504,1e-06,0.0005,4007.2547112786983,949530.979367581,2045.901223869081,70777.54015977174,58.01112062516198,146.71176827575198,116.02224125032396,8973.115865062015,1.1866870460271226,0.0,0.04427083333333333,2045.9012238690802,64.94168235671388,4.421818023931792,59.85283682355657,2.2264430299401283e-09,0.0,0.0445525406401244,0.00029491200000000004
193,384,500.0,0.0005,9.999999999943865e-07,0.0005,4007.1907015545435,966139.4427273477,2034.8937585369072,72245.76554324914,59.842380884596636,151.58747100519523,119.68476176919327,9107.765691451285,1.2044943726156603,0.0,0.04427083333333333,2034.8937585369051,64.91953762310091,4.380451475711197,75.25536065502092,2.219167072325945e-09,0.0,0.045958948519112225,0.0002949119999983445
193,384,525.0,0.0005250000000000006,1e-06,0.0005,4007.125762624798,983305.6389051602,2028.0875698520576,73503.1560348738,61.568522454386994,156.18724041618896,123.13704490877399,9246.159618875976,1.222796853425381,0.0,0.04427083333333333,2028.0875698520565,64.93759806910207,4.392760769486358,92.86341435229406,2.0372681319713593e-09,0.0,0.04728462524496921,0.00029491200000000004
193,384,550.0,0.0005500000000000012,1e-06,0.0005,4007.0600158010657,1001010.823958367,2025.037427573867,74565.65503595541,63.196524584732046,160.52469052012952,126.39304916946409,9387.989955176243,1.241553796426254,0.0,0.04427083333333333,2025.037427573867,64.93705778570202,4.447289222701329,112.82955164671876,2.2264430299401283e-09,0.0,0.04853493088107421,0.00029491200000000004
193,384,575.0,0.0005750000000000018,1e-06,0.0005,4006.9935693941443,1019237.7820414843,2025.2511035188293,75450.0693506461,64.72870781312224,164.64637436342713,129.45741562624448,9532.96651318433,1.260726824608768,0.0,0.04427083333333333,2025.2511035188293,64.91182847948933,4.54470777653205,136.4729948064778,2.240994945168495e-09,0.0,0.04971164760047788,0.00029491200000000004
193,384,600.0,0.0006000000000000024,1e-06,0.0005,4006.9265174811535,1037970.6341044041,2028.2200790223433,76193.78088344693,66.1764013624665,168.55738258832,132.352802724933,9680.818429043675,1.2802801164551074,0.0,0.04427083333333333,2028.2200790223433,64.93047462568774,4.672377088721078,163.18698906479403,2.4301698431372643e-09,0.0,0.05082347624637428,0.00029491200000000004
193,384,625.0,0.000625000000000003,1e-06,0.0005,4006.8589389508666,1057194.6578359893,2033.4447066670778,76917.05486614362,67.5380420059372,172.24460900494503,135.0760840118744,9831.295470838504,1.3001805790043193,0.0,0.04427083333333333,2033.4447066670778,64.93103151926186,4.834100316518743,193.31425705575384,2.786691766232252e-09,0.0,0.051869216260559764,0.00029491200000000004
193,384,650.0,0.0006500000000000037,1e-06,0.0005,4006.7908968294555,1076896.1285451879,2040.452975337358,77504.71226176008,68.82668791772099,175.72232117094148,137.65337583544198,9984.168807583643,1.3203979495505698,0.0,0.04427083333333333,2040.452975337358,64.90649821035343,5.0226231528722565,228.12554331170395,2.8230715543031693e-09,0.0,0.052858896320809715,0.00029491200000000004
193,384,675.0,0.0006750000000000043,1e-06,0.0005,4006.7224378845785,1097062.1880248485,2048.81298669959,77971.07653853045,70.03980558460293,179.00476554652604,140.07961116920586,10139.231222356999,1.340904823829737,0.0,0.04427083333333333,2048.81298669959,64.93196012207923,5.223218734011425,267.78207204071805,3.3105607144534588e-09,0.0,0.053790570688975047,0.00029491200000000004
193,384,700.0,0.0007000000000000049,1e-06,0.0005,4006.653592501382,1117680.7459073863,2058.13990742925,78329.47569863164,71.18833594219802,182.1059658600344,142.37667188439605,10296.296767503722,1.3616766104204494,0.0,0.04427083333333333,2058.13990742925,64.92327930298929,5.457278884467996,312.4328334722668,3.1141098588705063e-09,0.0,0.05467264200360808,0.00029491200000000004
193,384,725.0,0.0007250000000000055,1e-06,0.0005,4006.5843748194306,1138740.4157052669,2068.0984943105113,78592.06638306142,72.27297053260732,185.03954373868223,144.54594106521463,10455.199873730635,1.382691412922573,0.0,0.04427083333333333,2068.0984943105113,64.91529731165984,5.695492545632078,362.70913292700425,3.65253072232008e-09,0.0,0.05550564136904242,0.00029491200000000004
193,384,750.0,0.0007500000000000061,1e-06,0.0005,4006.514783114919,1160230.4857070998,2078.402359879129,78859.34653578298,73.2977375298407,187.81856194806974,146.5954750596814,10615.793937885366,1.403929843192185,0.0,0.04427083333333333,2078.402359879129,64.92962920234673,5.966661931055569,419.3531403299421,3.5288394428789616e-09,0.0,0.05629266242291766,0.00029491200000000004
193,384,775.0,0.0007750000000000067,1e-06,0.0005,4006.4448004077667,1182140.923215858,2088.8110462205095,79072.6466798999,74.27168413057305,190.45538999405204,148.5433682611461,10777.949425680914,1.4253747704284896,0.0,0.04427083333333333,2088.8110462205077,64.90061010569725,6.235460094158952,484.42269545048475,3.688910510390997e-09,0.0,0.0570406534122801,0.00029491200000000004
193,384,800.0,0.0008000000000000073,1e-06,0.0005,4006.3743952687605,1204462.40928805,2099.1450062290432,79368.79836752174,75.18720279702241,192.96159131560603,150.37440559404482,10941.551535096758,1.447011012160575,0.005208333333333333,0.04427083333333333,2099.1450062290432,64.92184652388809,6.536134595815383,557.8300807862543,4.067260306328535e-09,0.0,0.05774377174811321,0.00029491200000000004
193,384,825.0,0.0008250000000000079,1e-06,0.0005,4006.3035227979058,1227186.400160226,2110.3513020220767,79774.51504597937,76.06523134981342,195.3478308490655,152.13046269962683,11106.497473317373,1.4688249741248165,0.020833333333333332,0.04427083333333333,2110.3513020220767,64.91462167665212,6.847432678518999,640.7301122308709,5.2677933126688e-09,0.0,0.0584180976766567,0.00029491200000000004
193,384,850.0,0.0008500000000000085,1e-06,0.0005,4006.232125742019,1250305.2109154637,2122.9601102632623,80347.52423547395,76.89320316165816,197.62380138095776,153.78640632331633,11274.319645525537,1.491019315621173,0.026041666666666664,0.04427083333333333,2122.9601102632623,64.90089180582767,7.159745211730296,734.5342508135363,5.0495145842432976e-09,0.0,0.059053980028153465,0.00029491200000000004
193,384,875.0,0.0008750000000000091,1e-06,0.0005,4006.1601357173795,1273812.1166200426,2136.868500684895,81022.2632147469,77.67829663453819,199.79816683293302,155.35659326907637,11445.981616431787,1.513721467274324,0.03125,0.04427083333333333,2136.868500684895,64.9175077458788,7.503652945330032,840.9227907140739,5.966285243630409e-09,0.0,0.059656931815325324,0.00029491200000000004
193,384,900.0,0.0009000000000000097,1e-06,0.0005,4006.0874745022597,1297701.466114724,2152.6294771880544,81808.25992673788,78.43102751984847,201.94745841548004,156.86205503969694,11619.360358697932,1.5366506604997017,0.041666666666666664,0.041666666666666664,2152.629477188053,64.8758774737981,7.864501920441398,961.9000947265886,6.111804395914078e-09,0.0,0.060235029135243624,0.00029491200000000004
193,384,925.0,0.0009250000000000103,1e-06,0.0005,4006.0140553642723,1321968.8038369678,2170.670032029496,82755.91376879878,79.14278760597108,204.04080864089644,158.28557521194216,11794.40091456832,1.5597996271802228,0.046875,0.041666666666666664,2170.6700320294926,64.9098442068253,8.23083237087667,1099.8613244444132,6.781192496418953e-09,0.0,0.060781660881385785,0.00029491200000000004
193,384,950.0,0.000950000000000011,1e-06,0.0005,4005.9397843887587,1346610.9954393324,2190.666918356187,83792.69522221619,79.8192436604572,206.0672649386968,159.6384873209144,11971.04109775053,1.58316014323088,0.046875,0.041666666666666664,2190.6669183561858,64.89027378811801,8.603827572250339,1257.6729803807102,7.34871719032526e-09,0.0,0.06130117913123113,0.00029491200000000004
193,384,975.0,0.0009750000000000116,1e-06,0.0005,4005.8645617767106,1371626.353514557,2211.3260063036564,84944.12888098844,80.47144118776893,208.0312788886817,160.94288237553786,12149.207547650296,1.6067225067746198,0.046875,0.041666666666666664,2211.3260063036564,64.89164880865701,9.014495327686745,1438.7698914636858,7.203198038041592e-09,0.0,0.061802066832206536,0.00029491200000000004
193,384,1000.0,0.001,9.99999999990375e-07,0.0005,4005.7882830838707,1397014.7604004762,2233.3526601604253,86204.37161015821,81.09059530786678,209.9361509608731,162.18119061573356,12334.686702962212,1.6312519694748302,0.05208333333333333,0.041666666666666664,2233.352660160424,64.89658627411364,9.446476598799563,1647.2721625878476,7.930793799459934e-09,0.0,0.06227757719584226,0.0002949119999971615
193,384,1025.0,0.001024999999999998,1e-06,0.0005,4005.710840376337,1422777.785781869,2257.1788246372657,87639.6824621065,81.67915100997952,211.78706864260093,163.35830201995904,12524.255084563021,1.6563222289214858,0.05208333333333333,0.041666666666666664,2257.1788246372644,64.86237129331153,9.890984297389878,1888.126891425345,8.694769348949194e-09,0.0,0.06272958797566427,0.00029491200000000004
193,384,1050.0,0.0010499999999999958,1e-06,0.0005,4005.6321232822024,1448918.7975988782,2282.621079080465,89156.3746390547,82.24511283189487,213.75334641002397,164.49022566378974,12715.903811184791,1.6816676122520593,0.057291666666666664,0.0390625,2282.6210790804607,64.89461839565175,10.349774716611137,2168.5517241444904,9.735231287777424e-09,0.0,0.06316424665489526,0.00029491200000000004
193,384,1075.0,0.0010749999999999937,1e-06,0.0005,4005.552019923002,1475443.0655856235,2310.984037424427,90759.1734972828,82.79000277410037,215.68062835091996,165.58000554820075,12909.503835222311,1.7072710530290136,0.057291666666666664,0.0390625,2310.9840374244227,64.84591320358116,10.824755607245606,2498.6628538006917,1.047010300680995e-08,0.0,0.06358272213050908,0.00029491200000000004
193,384,1100.0,0.0010999999999999916,1e-06,0.0005,4005.4704177130366,1502357.8575738382,2340.6234570803344,92452.76719371563,83.31012152393545,217.56799711742838,166.6202430478709,13116.200755750024,1.7346065473804217,0.057291666666666664,0.0390625,2340.623457080331,64.88363624807232,11.326808102672658,2884.9462177043315,1.1030351743102074e-08,0.0,0.06398217333038243,0.00029491200000000004
193,384,1125.0,0.0011249999999999895,1e-06,0.0005,4005.3872040186925,1529672.5294882408,2371.620603748878,94383.16715649948,83.80730786552985,219.4134042997684,167.6146157310597,13325.632240242843,1.7623036855223175,0.057291666666666664,0.0390625,2371.620603748878,64.85926472924989,11.876614397826415,3338.2688590006437,1.104490365833044e-08,0.0,0.06436401244072693,0.00029491200000000004
193,384,1150.0,0.0011499999999999874,1e-06,0.0005,4005.302266673574,1557398.610719728,2404.0619826443804,96427.48209125466,84.28327317688536,221.43217992187778,168.56654635377072,13537.508137661807,1.7903240952231922,0.057291666666666664,0.0390625,2404.0619826443804,64.86231866384728,12.450104225838004,3871.705975412624,1.2005330063402653e-08,0.0,0.06472955379984795,0.00029491200000000004
193,384,1175.0,0.0011749999999999853,1e-06,0.0005,4005.215494348458,1585549.8872828449,2438.038816703087,98579.36884200071,84.74525619263301,223.44134371991774,169.49051238526602,13765.426558410481,1.8204661151770984,0.057291666666666664,0.0390625,2438.038816703087,64.86686420517418,13.049859487462527,4500.963722552173,1.2485543265938759e-08,0.0,0.06508435675594215,0.00029491200000000004
193,384,1200.0,0.0011999999999999832,1e-06,0.0005,4005.1267767778027,1614142.4858437304,2476.064410599113,100842.44801606126,85.19097308939936,225.41615134395238,170.38194617879873,13997.392788357149,1.8511434545019212,0.0625,0.03645833333333333,2476.064410599113,64.82867877476323,13.678744151173305,5244.8823365431745,1.3562384992837906e-08,0.0,0.06542666733265871,0.00029491200000000004
193,384,1225.0,0.001224999999999981,1e-06,0.0005,4005.0360048466055,1643194.962347715,2516.72440482867,103296.41262396677,85.61932258212235,227.44518273009726,171.2386451642447,14236.458602286388,1.8827597078529301,0.0625,0.03645833333333333,2516.72440482867,64.86637071421134,14.339848423138392,6127.172400492942,1.525040715932846e-08,0.0,0.06575563974306997,0.00029491200000000004
193,384,1250.0,0.001249999999999979,1e-06,0.0005,4004.9430705429036,1672728.399591096,2559.369168312479,106039.35344844847,86.03157504475769,229.64580315550168,172.06315008951537,14492.605595269713,1.9166349328052397,0.0625,0.03645833333333333,2559.369168312479,64.79269305318836,15.036376431344252,7189.897596014896,1.4624674804508686e-08,0.0,0.0660722496343739,0.00029491200000000004
193,384,1275.0,0.0012749999999999769,1e-06,0.0005,4004.8478667820996,1702766.5186835509,2604.0957987114534,108929.97559280077,86.42890930243576,231.81481584664274,172.8578186048715,14752.408409253398,1.9509936370181493,0.0625,0.03645833333333333,2604.0957987114534,64.85572289097475,15.771658179914084,8454.98571972549,1.5032128430902958e-08,0.0,0.06637740234427067,0.00029491200000000004
193,384,1300.0,0.0012999999999999748,1e-06,0.0005,4004.7502871096235,1733335.8099558037,2651.00097650907,111972.44684352852,86.81241870659306,233.94297210340375,173.62483741318613,15031.781353913762,1.9879404745965823,0.0625,0.03645833333333333,2651.0009765090645,64.81301330422309,16.549395156660466,9962.429765696637,1.4741090126335621e-08,0.0,0.06667193756666347,0.00029491200000000004
193,384,1325.0,0.0013249999999999727,1e-06,0.0005,4004.650225288197,1764465.6895068483,2700.179582958984,115169.92579874532,87.18311697792241,236.3841910626431,174.36623395584482,15321.463866315224,2.0262507438605613,0.0625,0.03645833333333333,2700.179582958975,64.83201857225173,17.373960235103368,11760.20981430891,1.5701516531407833e-08,0.0,0.0669566338390444,0.00029491200000000004
193,384,1350.0,0.0013499999999999706,1e-06,0.0005,4004.5475747752694,1796188.6882878076,2751.722944099589,118524.16161270672,87.54194379309311,238.80859289285746,175.08388758618622,15624.415529676166,2.066315847208061,0.0625,0.03645833333333333,2751.7229440995743,64.82668748095806,18.250400027498472,13906.011326578679,1.6661942936480045e-08,0.0,0.06723221283309551,0.00029491200000000004
193,384,1375.0,0.0013749999999999685,1e-06,0.0005,4004.442228094976,1828540.681424117,2808.63067265126,122350.910188683,87.89131106242168,241.18743481733526,175.78262212484336,15949.84687036657,2.109353869025232,0.0625,0.033854166666666664,2808.6306726512407,64.79283302409316,19.3227683118439,16468.527027881937,1.7069396562874317e-08,0.0,0.06750052689593986,0.00029491200000000004
193,384,1400.0,0.0013999999999999664,1e-06,0.0005,4004.334076107336,1861561.1664316652,2870.0881056248263,126451.92396509806,88.23182631365938,243.8480015549089,176.46365262731877,16281.248480452246,2.1531814539617478,0.0625,0.033854166666666664,2870.088105624813,64.83015532389919,21.17866328794662,19528.137817817274,1.7447746358811855e-08,0.0,0.0677620426088904,0.00029491200000000004
193,384,1425.0,0.0014249999999999643,1e-06,0.0005,4004.2230071753547,1895293.6001451188,2934.6580636869326,130761.30779597096,88.56237109429878,246.5920418416307,177.12474218859757,16649.577409921243,2.2018926459101062,0.0625,0.033854166666666664,2934.6580636869307,64.73869567055937,23.17910415692495,23178.526567710098,1.9012435749455613e-08,0.0,0.06801590100042146,0.00029491200000000004
193,384,1450.0,0.0014499999999999622,1e-06,0.0005,4004.1089062281653,1929785.8056218585,3002.4401258010707,135276.7240900855,88.88364653284869,249.28119236188658,177.76729306569737,17024.404123549568,2.2514631643628484,0.0625,0.033854166666666664,3002.4401258010707,64.82318000424621,25.338639861849515,27531.618305689422,2.1981361574151575e-08,0.0,0.06826264053722779,0.00029491200000000004
193,384,1475.0,0.00147499999999996,1e-06,0.0005,4003.991653715382,1965090.462105757,3073.5162395880316,140218.29881767055,89.19630377616438,252.24444483215814,178.39260755232877,17434.863517889375,2.3057460749490946,0.0625,0.033854166666666664,3073.516239588031,64.7544502434458,27.67384564512031,32724.86566874245,2.5414436311751524e-08,0.0,0.06850276130009425,0.00029491200000000004
193,384,1500.0,0.0015,1.000000000041983e-06,0.0005,4003.87112444428,2001265.693450682,3149.8425310488424,145622.21598023357,89.50094775775162,255.3812651496772,179.00189551550324,17863.270414919174,2.3624025277107714,0.0625,0.03125,3149.8425310488396,64.80103857405338,30.20369460994516,38924.15264397953,2.9390601905975125e-08,0.0,0.06873672788083902,0.0002949120000123813
193,384,1525.0,0.001524999999999998,1e-06,0.0005,4003.747186287185,2038375.773369314,3235.169030220108,151407.2955051762,89.79814070421904,258.4476319152155,179.59628140843807,18322.961073081733,2.423196231639771,0.0625,0.03125,3235.169030220108,64.78240963321228,32.95001309150666,46317.03090213938,3.4004010974314154e-08,0.0,0.06896497206084022,0.00029491200000000004
193,384,1550.0,0.0015499999999999958,1e-06,0.0005,4003.619698741346,2076491.9696966028,3324.731892392079,157935.76212935196,90.0884053884003,261.82489531139277,180.1768107768006,18816.710888850816,2.488494230591599,0.0625,0.03125,3324.731892392079,64.75317641933533,35.93804207141966,55105.3193349042,3.93668205126009e-08,0.0,0.06918789533829144,0.00029491200000000004
193,384,1575.0,0.0015749999999999937,1e-06,0.0005,4003.488511317229,2115693.554808585,3418.5465438720194,165023.2428309009,90.37222813898671,265.44167304724795,180.74445627797343,19335.39886603085,2.5570902804705673,0.0625,0.03125,3418.5465438720194,64.79712965567413,39.197133698714424,65581.6157240707,4.561426962383813e-08,0.0,0.06940587121074179,0.00029491200000000004
193,384,1600.0,0.0015999999999999916,1e-06,0.0005,4003.3534617233377,2156069.0157959755,3516.556647254095,172491.64864127507,90.65006161741564,268.9624130724379,181.3001232348313,19909.60545658414,2.6330286203961806,0.0625,0.03125,3516.556647254095,64.67328885700431,42.76162121581183,78068.31942323386,5.291015259087491e-08,0.0,0.06961924732217521,0.00029491200000000004
193,384,1625.0,0.0016249999999999895,1e-06,0.0005,4003.2143738056243,2197717.506460417,3627.5765679017622,180313.15301775347,90.92232737321183,272.9189356376443,181.84465474642366,20499.772055883157,2.7110776580903106,0.0625,0.028645833333333332,3627.5765679017622,64.79253465042477,46.67191319066751,92895.141944526,6.145394349639714e-08,0.0,0.06982834742262668,0.00029491200000000004
193,384,1650.0,0.0016499999999999874,1e-06,0.0005,4003.071055186652,2240750.594393365,3745.7449061866873,189592.36063058657,91.18941818906546,277.12107184495227,182.37883637813093,21174.174590552917,2.800266827575634,0.0625,0.028645833333333332,3745.7449061866873,64.71733371295149,50.97588032978456,110400.0158506867,7.149058115729434e-08,0.0,0.07003347316920228,0.00029491200000000004
193,384,1675.0,0.0016749999999999853,1e-06,0.0005,4002.9232945329463,2285294.3713078187,3868.8567888995763,199464.80794968994,91.45170022664975,281.1835790367913,182.9034004532995,21864.365518916573,2.89154399888283,0.057291666666666664,0.028645833333333332,3868.856788899466,64.75860819599635,55.73062737884902,130975.79515118245,8.332216183147701e-08,0.0,0.070234905774067,0.00029491200000000004
193,384,1700.0,0.0016999999999999832,1e-06,0.0005,4002.7708583567655,2331492.0148410485,4011.0248713393985,210520.34371647495,91.70951498356557,285.9799518123385,183.41902996713114,22653.271946112513,2.9958762121027793,0.057291666666666664,0.028645833333333332,4011.024871339338,64.76245458494733,61.00477693111225,155181.94497047598,9.732186124461687e-08,0.0,0.07043290750737835,0.00029491200000000004
193,384,1725.0,0.001724999999999981,1e-06,0.0005,4002.6134872292855,2379506.917279155,4160.476790632533,223001.52346463318,91.96623629640513,290.8921631695251,183.93247259281026,23475.209232379482,3.1045767287268293,0.057291666666666664,0.028645833333333332,4160.476790632531,64.67892205610512,66.88144124437804,183775.39535447443,1.1395554829311017e-07,0.0,0.07063006947563914,0.00029491200000000004
193,384,1750.0,0.001749999999999979,1e-06,0.0005,4002.450891242813,2429526.534066511,4326.222301260141,236157.56156621527,92.21980403595411,295.66445137893015,184.43960807190822,24405.48107876096,3.227604400049226,0.057291666666666664,0.026041666666666664,4326.222301260141,64.77958073155422,73.46212913387171,217560.04879828705,1.3380849369417867e-07,0.0,0.07082480949961276,0.00029491200000000004
193,384,1775.0,0.001774999999999977,1e-06,0.0005,4002.2827445068365,2481767.1570012523,4509.329504866514,251455.90022439862,92.77047377384898,301.6491730040394,187.6319582377927,25396.80662911325,3.3587063725066653,0.057291666666666664,0.026041666666666664,4509.329504866514,64.6876305811377,80.87193645236039,257198.54781455663,1.576241693646291e-07,0.0,0.0720506719633124,0.00029491200000000004
193,384,1800.0,0.0017999999999999748,1e-06,0.0005,4002.108678390825,2536479.890392374,4700.547560938451,268526.9160070498,94.50365643018195,307.4051670188682,191.47700178993477,26513.260622733622,3.506356476621908,0.057291666666666664,0.026041666666666664,4700.547560938451,64.75329412472904,89.2665165116914,303294.8850491666,1.8635521755579088e-07,0.0,0.07352716868733496,0.00029491200000000004
193,384,1825.0,0.0018249999999999727,1e-06,0.0005,4001.9282731276944,2593958.2134822835,4908.234344552278,288003.78500602336,96.35662691522359,313.7151230918922,195.61488802465905,27726.175890546634,3.666763503332275,0.05208333333333333,0.026041666666666664,4908.234344552139,64.74781528084154,98.84156198360097,356763.7140550101,2.2123467769716257e-07,0.0,0.07511611700146908,0.00029491200000000004
193,384,1850.0,0.0018499999999999706,1e-06,0.0005,4001.741047253668,2654547.6653103367,5150.091945699949,310537.09832171723,98.46168801985142,320.8401972630182,199.83368967544789,29096.678613139702,3.848011338744557,0.05208333333333333,0.0234375,5150.091945699949,64.66287812217861,109.84593593254067,418938.7578102979,2.6387642869614246e-07,0.0,0.07673613683537199,0.00029491200000000004
193,384,1875.0,0.0018749999999999685,1e-06,0.0005,4001.5464441689,2718658.414806304,5434.593130388692,334745.9344485132,100.61329663899849,327.53139001760553,204.5118585839687,30615.042720979196,4.048813718321677,0.05208333333333333,0.0234375,5434.593130388692,64.77398595699628,122.60024357453403,490945.50421481,3.1641842223129856e-07,0.0,0.07853255369624397,0.00029491200000000004
193,384,1900.0,0.0018999999999999664,1e-06,0.0005,4001.3438148363957,2786781.8216041448,5733.435475177675,365124.89247366786,102.92096451021504,336.40358167784575,209.6139178144575,32352.064811048964,4.2785334326267925,0.05208333333333333,0.0234375,5733.435475177675,64.71077896056258,137.52346781664164,573074.6984014367,3.8172958990606713e-07,0.0,0.08049174444075169,0.00029491200000000004
193,384,1925.0,0.0019249999999999643,1e-06,0.0005,4001.1323952371763,2859512.6234011473,6063.213755539206,398942.15015501133,105.53661008864268,344.80628657085634,214.72668556847992,34307.528292828596,4.537141837745269,0.05208333333333333,0.020833333333333332,6063.213755539206,64.73786871606568,155.1712138394123,665780.7569851284,4.637188106398711e-07,0.0,0.08245504725829629,0.00029491200000000004
193,384,1950.0,0.0019499999999999622,1e-06,0.0005,4000.911276586907,2937579.228821489,6440.673318111745,440998.56295935233,108.16367922788369,354.891935819156,220.7790007405773,36588.40311039321,4.838785619048955,0.046875,0.020833333333333332,6440.673318111687,64.76599907527286,176.29113860792313,771851.7367857336,5.678023714188599e-07,0.0,0.08477913628438169,0.00029491200000000004
193,384,1975.0,0.0019749999999999646,1e-06,0.0005,4000.6793654888234,3021885.9735173006,6910.941216259685,487705.24500180327,111.2249305548545,365.5705799988274,226.86294179943877,39217.04400138014,5.186421171838045,0.046875,0.020833333333333332,6910.941216259685,64.68776029755098,201.90769774442924,895298.8995396439,7.016315501105564e-07,0.0,0.08711536965098449,0.00029491200000000004
193,384,2000.0,0.001999999999999968,1e-06,0.0005,4000.435330056068,3113573.5194051983,7411.199186776658,547226.470741013,114.36151763233177,377.60291751023635,233.65683732234237,42373.28194411183,5.603830992143883,0.046875,0.018229166666666664,7411.199186776658,64.77433270027046,233.46218173481066,1034558.7222869983,8.762505533881458e-07,0.0,0.08972422553177947,0.00029491200000000004
193,384,2025.0,0.0020249999999999713,1e-06,0.0005,4000.177525819344,3214107.6495414446,8011.444691370803,622860.4326196575,117.89170421074655,391.35343008903226,241.16919512812325,46013.19465786991,6.085206395185811,0.046875,0.018229166666666664,8011.444691370803,64.76043360349499,273.04863012970054,1179785.0919688395,1.1079833927935275e-06,0.0,0.09260897092919933,0.00029491200000000004
193,384,2050.0,0.0020499999999999746,1e-06,0.0005,3999.9038913799104,3325414.223940217,8745.535430282443,709154.3100184678,122.15445628358782,406.7221330729934,250.0429592615034,50621.216286843,6.694613390163621,0.041666666666666664,0.018229166666666664,8745.535430272235,64.6940867832929,323.79213090920894,1327367.4544579536,1.4760274954190965e-06,0.0,0.0960164963564173,0.00029491200000000004
193,384,2075.0,0.002074999999999978,1e-06,0.0005,3999.6117996984344,3450092.4995009974,9626.03980460976,829729.6606686235,126.46957007408857,424.6135451698275,260.017967580465,56070.33279665166,7.415254477576769,0.041666666666666664,0.015625,9626.039804588208,64.7899298455854,390.45090752542274,1494607.5832183608,2.8479355329117293e-06,0.0,0.09984689955089855,0.00029491200000000004
193,384,2100.0,0.0020995593140998208,9.644746425678028e-07,0.0005,3999.3035916168265,3589096.5670467825,10644.208849604645,989804.0495578592,131.68312355980453,445.6946971002875,270.39629228258565,62659.02084754172,8.28660294536465,0.041666666666666664,0.015625,10644.208849572056,64.77176081418199,478.6657484227326,1687163.1114005554,4.851984649168096e-06,0.0,0.10014350106274789,0.00028443514578895587
193,384,2125.0,0.00212313211759698,9.231774696902442e-07,0.0005,3998.983985137127,3742536.8365041325,11921.546404381445,1165823.986718269,136.915177700612,467.67570711134306,282.54958075009836,71051.00170669847,9.396435374347787,0.03645833333333333,0.015625,11921.546404381445,64.73426186371299,595.4953568244027,1853498.6090367716,8.371370845378055e-06,0.0,0.10016386829526341,0.0002722561139412893
193,384,2150.0,0.0021457428845708367,8.856498897062454e-07,0.0005,3998.650860311221,3914301.8158335825,13568.800807545698,1432274.633205673,142.22314749408412,497.1780411016012,294.5899086412445,81420.85002417798,10.767839115553578,0.03645833333333333,0.013020833333333332,13568.800807545698,64.80481104158355,754.3244877010111,1993820.1646484016,1.3016469703590547e-05,0.0,0.1001869517171294,0.0002611887802730483
193,384,2175.0,0.002167410545876286,8.518970201661294e-07,0.0005,3998.3017275441857,4110005.1996362777,15353.576358312399,1825421.0106039671,148.80632853195374,523.1609563089653,306.0401970300077,94678.14944146092,12.521105842560658,0.03645833333333333,0.010416666666666666,15353.576358312399,64.80107622931747,977.1935490380129,2085958.5086138863,1.7551500097428047e-05,0.0,0.10011445704995277,0.00025123465401123354
193,384,2200.0,0.002188217498580685,8.13991584460473e-07,0.0005,3997.9324484719987,4339017.635983955,18152.861933473596,2302198.3726898124,156.0503297070544,567.6055494104572,320.6509752817509,114552.39184373376,15.149457728688581,0.03125,0.010416666666666666,18152.861933473596,64.76757347244599,1302.747695760223,2180685.295381752,3.080564774593234e-05,0.0,0.10022676304450114,0.00024005588615640702
193,384,2205.0,0.002191729,2.7586570871878865e-07,0.0005,3997.866294539037,4382939.410000656,18718.097999802423,2421292.3431279333,157.1715103736634,574.0855086334117,324.35199071737577,118170.54115974967,15.627954940635405,0.03125,0.010416666666666666,18718.097999802423,64.76235813240015,1373.8225480106157,2204016.0754824243,3.777785301486142e-05,0.0,0.03435939524874195,8.135610788967541e-05
